id,label
10,cat
18,cat
22,cat
27,cat
34,cat
37,cat
39,cat
40,cat
60,cat
75,cat
79,cat
81,cat
92,cat
102,cat
142,cat
143,cat
151,cat
160,cat
170,cat
175,cat
198,cat
204,cat
208,cat
230,cat
242,cat
252,cat
254,cat
259,cat
267,cat
288,cat
315,cat
316,cat
332,cat
334,cat
335,cat
343,cat
368,cat
371,cat
378,cat
385,cat
396,cat
417,cat
446,cat
447,cat
477,cat
480,cat
495,cat
518,cat
549,cat
551,cat
584,cat
598,cat
604,cat
619,cat
630,cat
639,cat
640,cat
679,cat
685,cat
686,cat
692,cat
703,cat
718,cat
731,cat
741,cat
775,cat
777,cat
786,cat
789,cat
793,cat
802,cat
806,cat
807,cat
810,cat
846,cat
847,cat
851,cat
858,cat
862,cat
866,cat
870,cat
879,cat
883,cat
896,cat
923,cat
942,cat
950,cat
956,cat
970,cat
993,cat
996,cat
999,cat
1003,cat
1011,cat
1026,cat
1031,cat
1042,cat
1049,cat
1056,cat
1058,cat
1060,cat
1071,cat
1075,cat
1077,cat
1099,cat
1101,cat
1105,cat
1110,cat
1121,cat
1122,cat
1125,cat
1128,cat
1129,cat
1151,cat
1161,cat
1165,cat
1197,cat
1203,cat
1209,cat
1253,cat
1258,cat
1266,cat
1272,cat
1282,cat
1287,cat
1317,cat
1322,cat
1346,cat
1352,cat
1359,cat
1364,cat
1369,cat
1406,cat
1427,cat
1428,cat
1450,cat
1462,cat
1488,cat
1497,cat
1500,cat
1511,cat
1512,cat
1529,cat
1535,cat
1540,cat
1547,cat
1554,cat
1555,cat
1556,cat
1557,cat
1569,cat
1574,cat
1604,cat
1609,cat
1626,cat
1656,cat
1659,cat
1686,cat
1697,cat
1701,cat
1704,cat
1711,cat
1724,cat
1736,cat
1738,cat
1770,cat
1773,cat
1779,cat
1786,cat
1804,cat
1816,cat
1824,cat
1835,cat
1840,cat
1842,cat
1846,cat
1847,cat
1857,cat
1865,cat
1880,cat
1889,cat
1893,cat
1896,cat
1898,cat
1917,cat
1920,cat
1939,cat
1952,cat
1959,cat
1962,cat
1963,cat
1964,cat
1966,cat
1967,cat
1970,cat
2012,cat
2026,cat
2043,cat
2049,cat
2052,cat
2058,cat
2069,cat
2083,cat
2084,cat
2093,cat
2128,cat
2131,cat
2133,cat
2138,cat
2142,cat
2155,cat
2163,cat
2165,cat
2166,cat
2169,cat
2175,cat
2182,cat
2198,cat
2199,cat
2224,cat
2255,cat
2271,cat
2280,cat
2308,cat
2313,cat
2325,cat
2327,cat
2338,cat
2349,cat
2354,cat
2360,cat
2376,cat
2377,cat
2384,cat
2387,cat
2405,cat
2407,cat
2413,cat
2415,cat
2426,cat
2433,cat
2444,cat
2448,cat
2453,cat
2502,cat
2506,cat
2519,cat
2522,cat
2526,cat
2528,cat
2531,cat
2560,cat
2563,cat
2565,cat
2566,cat
2582,cat
2595,cat
2607,cat
2628,cat
2649,cat
2650,cat
2666,cat
2669,cat
2697,cat
2700,cat
2724,cat
2739,cat
2740,cat
2767,cat
2771,cat
2782,cat
2783,cat
2786,cat
2810,cat
2866,cat
2877,cat
2893,cat
2904,cat
2931,cat
2932,cat
2934,cat
2945,cat
2948,cat
2983,cat
2987,cat
3001,cat
3004,cat
3017,cat
3027,cat
3044,cat
3053,cat
3058,cat
3082,cat
3085,cat
3088,cat
3101,cat
3106,cat
3109,cat
3110,cat
3111,cat
3126,cat
3135,cat
3173,cat
3178,cat
3179,cat
3189,cat
3191,cat
3195,cat
3202,cat
3219,cat
3221,cat
3223,cat
3243,cat
3249,cat
3287,cat
3288,cat
3290,cat
3303,cat
3321,cat
3329,cat
3341,cat
3352,cat
3356,cat
3366,cat
3372,cat
3374,cat
3377,cat
3386,cat
3392,cat
3430,cat
3448,cat
3458,cat
3462,cat
3473,cat
3476,cat
3487,cat
3491,cat
3515,cat
3525,cat
3547,cat
3551,cat
3552,cat
3553,cat
3566,cat
3569,cat
3572,cat
3576,cat
3592,cat
3595,cat
3616,cat
3618,cat
3647,cat
3651,cat
3655,cat
3680,cat
3704,cat
3710,cat
3729,cat
3750,cat
3757,cat
3759,cat
3763,cat
3764,cat
3773,cat
3786,cat
3788,cat
3793,cat
3796,cat
3802,cat
3808,cat
3814,cat
3819,cat
3835,cat
3844,cat
3864,cat
3865,cat
3871,cat
3876,cat
3889,cat
3906,cat
3911,cat
3928,cat
3957,cat
3998,cat
4008,cat
4011,cat
4021,cat
4026,cat
4034,cat
4073,cat
4074,cat
4084,cat
4088,cat
4090,cat
4099,cat
4103,cat
4109,cat
4111,cat
4118,cat
4125,cat
4129,cat
4140,cat
4147,cat
4150,cat
4152,cat
4167,cat
4175,cat
4178,cat
4180,cat
4198,cat
4222,cat
4244,cat
4267,cat
4269,cat
4289,cat
4295,cat
4303,cat
4309,cat
4311,cat
4330,cat
4337,cat
4347,cat
4350,cat
4351,cat
4362,cat
4389,cat
4393,cat
4403,cat
4406,cat
4415,cat
4423,cat
4429,cat
4436,cat
4438,cat
4440,cat
4450,cat
4463,cat
4466,cat
4473,cat
4476,cat
4482,cat
4484,cat
4485,cat
4516,cat
4520,cat
4531,cat
4532,cat
4543,cat
4559,cat
4565,cat
4570,cat
4582,cat
4629,cat
4631,cat
4658,cat
4670,cat
4673,cat
4675,cat
4698,cat
4721,cat
4738,cat
4746,cat
4761,cat
4773,cat
4792,cat
4797,cat
4800,cat
4828,cat
4830,cat
4836,cat
4837,cat
4848,cat
4856,cat
4877,cat
4888,cat
4909,cat
4913,cat
4916,cat
4922,cat
4935,cat
4951,cat
4955,cat
4964,cat
4983,cat
4985,cat
4995,cat
5007,cat
5008,cat
5009,cat
5018,cat
5024,cat
5047,cat
5054,cat
5063,cat
5066,cat
5073,cat
5081,cat
5087,cat
5089,cat
5098,cat
5107,cat
5108,cat
5111,cat
5114,cat
5129,cat
5130,cat
5148,cat
5163,cat
5184,cat
5191,cat
5193,cat
5210,cat
5219,cat
5222,cat
5243,cat
5261,cat
5278,cat
5320,cat
5322,cat
5330,cat
5355,cat
5390,cat
5401,cat
5408,cat
5424,cat
5426,cat
5431,cat
5446,cat
5451,cat
5456,cat
5474,cat
5476,cat
5479,cat
5480,cat
5493,cat
5494,cat
5503,cat
5508,cat
5521,cat
5535,cat
5540,cat
5542,cat
5546,cat
5554,cat
5579,cat
5587,cat
5593,cat
5599,cat
5602,cat
5611,cat
5616,cat
5665,cat
5679,cat
5706,cat
5714,cat
5721,cat
5726,cat
5734,cat
5742,cat
5745,cat
5798,cat
5800,cat
5801,cat
5824,cat
5839,cat
5849,cat
5857,cat
5860,cat
5871,cat
5877,cat
5878,cat
5897,cat
5915,cat
5916,cat
5919,cat
5943,cat
5946,cat
5964,cat
5967,cat
5981,cat
6015,cat
6031,cat
6046,cat
6061,cat
6062,cat
6071,cat
6072,cat
6080,cat
6090,cat
6109,cat
6136,cat
6152,cat
6163,cat
6168,cat
6170,cat
6186,cat
6187,cat
6199,cat
6200,cat
6201,cat
6206,cat
6208,cat
6209,cat
6218,cat
6224,cat
6230,cat
6257,cat
6264,cat
6285,cat
6305,cat
6307,cat
6310,cat
6320,cat
6325,cat
6331,cat
6333,cat
6344,cat
6349,cat
6352,cat
6369,cat
6386,cat
6395,cat
6403,cat
6405,cat
6406,cat
6423,cat
6431,cat
6434,cat
6459,cat
6463,cat
6467,cat
6483,cat
6491,cat
6492,cat
6493,cat
6494,cat
6497,cat
6508,cat
6512,cat
6541,cat
6556,cat
6557,cat
6558,cat
6568,cat
6575,cat
6585,cat
6586,cat
6591,cat
6596,cat
6597,cat
6603,cat
6608,cat
6619,cat
6620,cat
6636,cat
6638,cat
6650,cat
6659,cat
6670,cat
6675,cat
6685,cat
6691,cat
6701,cat
6715,cat
6717,cat
6725,cat
6730,cat
6733,cat
6743,cat
6754,cat
6759,cat
6768,cat
6783,cat
6784,cat
6788,cat
6791,cat
6813,cat
6838,cat
6848,cat
6850,cat
6856,cat
6869,cat
6873,cat
6884,cat
6903,cat
6906,cat
6911,cat
6914,cat
6915,cat
6931,cat
6937,cat
6946,cat
6962,cat
6981,cat
6982,cat
6995,cat
7005,cat
7007,cat
7050,cat
7051,cat
7064,cat
7066,cat
7076,cat
7087,cat
7108,cat
7122,cat
7123,cat
7124,cat
7126,cat
7129,cat
7133,cat
7139,cat
7143,cat
7154,cat
7162,cat
7172,cat
7181,cat
7201,cat
7206,cat
7214,cat
7221,cat
7225,cat
7229,cat
7231,cat
7235,cat
7236,cat
7254,cat
7260,cat
7269,cat
7291,cat
7308,cat
7310,cat
7314,cat
7319,cat
7344,cat
7347,cat
7356,cat
7368,cat
7370,cat
7390,cat
7412,cat
7413,cat
7427,cat
7428,cat
7433,cat
7440,cat
7461,cat
7468,cat
7470,cat
7475,cat
7479,cat
7484,cat
7486,cat
7488,cat
7490,cat
7493,cat
7494,cat
7499,cat
7501,cat
7502,cat
7518,cat
7520,cat
7533,cat
7534,cat
7540,cat
7552,cat
7567,cat
7568,cat
7585,cat
7594,cat
7604,cat
7616,cat
7652,cat
7666,cat
7668,cat
7672,cat
7681,cat
7682,cat
7690,cat
7720,cat
7735,cat
7750,cat
7754,cat
7766,cat
7769,cat
7772,cat
7790,cat
7803,cat
7804,cat
7805,cat
7813,cat
7815,cat
7836,cat
7838,cat
7840,cat
7853,cat
7870,cat
7873,cat
7894,cat
7907,cat
7910,cat
7925,cat
7929,cat
7932,cat
7933,cat
7947,cat
7988,cat
7998,cat
8000,cat
8001,cat
8012,cat
8014,cat
8029,cat
8030,cat
8031,cat
8042,cat
8055,cat
8057,cat
8068,cat
8083,cat
8089,cat
8102,cat
8105,cat
8106,cat
8123,cat
8134,cat
8140,cat
8152,cat
8154,cat
8159,cat
8162,cat
8163,cat
8165,cat
8180,cat
8184,cat
8194,cat
8211,cat
8225,cat
8247,cat
8252,cat
8256,cat
8260,cat
8263,cat
8267,cat
8286,cat
8287,cat
8289,cat
8303,cat
8320,cat
8331,cat
8337,cat
8350,cat
8357,cat
8371,cat
8381,cat
8382,cat
8386,cat
8387,cat
8409,cat
8421,cat
8423,cat
8435,cat
8468,cat
8504,cat
8508,cat
8521,cat
8593,cat
8599,cat
8600,cat
8607,cat
8610,cat
8630,cat
8636,cat
8646,cat
8650,cat
8657,cat
8681,cat
8687,cat
8711,cat
8712,cat
8715,cat
8723,cat
8739,cat
8740,cat
8761,cat
8762,cat
8782,cat
8787,cat
8791,cat
8809,cat
8823,cat
8840,cat
8847,cat
8864,cat
8865,cat
8877,cat
8881,cat
8909,cat
8917,cat
8919,cat
8944,cat
8948,cat
8963,cat
8975,cat
8979,cat
8987,cat
8989,cat
9006,cat
9007,cat
9009,cat
9021,cat
9025,cat
9035,cat
9041,cat
9052,cat
9053,cat
9061,cat
9074,cat
9082,cat
9101,cat
9108,cat
9112,cat
9121,cat
9129,cat
9130,cat
9136,cat
9146,cat
9153,cat
9157,cat
9164,cat
9165,cat
9167,cat
9174,cat
9183,cat
9184,cat
9186,cat
9223,cat
9229,cat
9249,cat
9284,cat
9292,cat
9294,cat
9299,cat
9301,cat
9305,cat
9306,cat
9308,cat
9312,cat
9333,cat
9335,cat
9339,cat
9344,cat
9346,cat
9358,cat
9372,cat
9394,cat
9395,cat
9399,cat
9400,cat
9406,cat
9422,cat
9430,cat
9480,cat
9486,cat
9490,cat
9565,cat
9571,cat
9575,cat
9592,cat
9601,cat
9610,cat
9613,cat
9614,cat
9625,cat
9633,cat
9648,cat
9657,cat
9668,cat
9671,cat
9695,cat
9701,cat
9703,cat
9711,cat
9721,cat
9738,cat
9739,cat
9753,cat
9761,cat
9784,cat
9793,cat
9795,cat
9818,cat
9831,cat
9842,cat
9843,cat
9847,cat
9857,cat
9866,cat
9893,cat
9898,cat
9905,cat
9909,cat
9910,cat
9913,cat
9915,cat
9927,cat
9928,cat
9931,cat
9944,cat
9945,cat
9969,cat
9971,cat
9974,cat
9977,cat
9983,cat
9996,cat
10006,cat
10012,cat
10018,cat
10022,cat
10045,cat
10049,cat
10067,cat
10071,cat
10086,cat
10102,cat
10126,cat
10127,cat
10136,cat
10138,cat
10144,cat
10178,cat
10183,cat
10187,cat
10190,cat
10193,cat
10194,cat
10210,cat
10245,cat
10255,cat
10256,cat
10294,cat
10305,cat
10311,cat
10321,cat
10322,cat
10323,cat
10330,cat
10342,cat
10384,cat
10415,cat
10419,cat
10428,cat
10431,cat
10440,cat
10442,cat
10453,cat
10455,cat
10463,cat
10464,cat
10465,cat
10469,cat
10489,cat
10493,cat
10502,cat
10507,cat
10509,cat
10519,cat
10528,cat
10535,cat
10558,cat
10559,cat
10566,cat
10576,cat
10588,cat
10596,cat
10612,cat
10619,cat
10620,cat
10635,cat
10654,cat
10706,cat
10723,cat
10732,cat
10746,cat
10747,cat
10750,cat
10753,cat
10754,cat
10771,cat
10785,cat
10789,cat
10810,cat
10815,cat
10826,cat
10844,cat
10855,cat
10858,cat
10870,cat
10871,cat
10884,cat
10919,cat
10930,cat
10932,cat
10938,cat
10943,cat
10949,cat
10950,cat
10959,cat
10961,cat
10968,cat
10982,cat
10994,cat
11000,cat
11012,cat
11026,cat
11027,cat
11029,cat
11041,cat
11048,cat
11053,cat
11056,cat
11068,cat
11080,cat
11104,cat
11106,cat
11120,cat
11121,cat
11132,cat
11184,cat
11189,cat
11193,cat
11196,cat
11200,cat
11206,cat
11212,cat
11223,cat
11232,cat
11235,cat
11237,cat
11258,cat
11269,cat
11272,cat
11292,cat
11294,cat
11295,cat
11308,cat
11321,cat
11325,cat
11334,cat
11338,cat
11340,cat
11345,cat
11354,cat
11358,cat
11360,cat
11365,cat
11367,cat
11371,cat
11380,cat
11387,cat
11388,cat
11390,cat
11410,cat
11420,cat
11435,cat
11448,cat
11450,cat
11459,cat
11477,cat
11478,cat
11481,cat
11493,cat
11499,cat
11513,cat
11532,cat
11535,cat
11541,cat
11545,cat
11557,cat
11565,cat
11569,cat
11579,cat
11597,cat
11618,cat
11624,cat
11626,cat
11629,cat
11633,cat
11640,cat
11654,cat
11656,cat
11669,cat
11681,cat
11715,cat
11719,cat
11725,cat
11728,cat
11737,cat
11739,cat
11740,cat
11744,cat
11753,cat
11759,cat
11761,cat
11764,cat
11765,cat
11806,cat
11810,cat
11837,cat
11856,cat
11859,cat
11865,cat
11869,cat
11875,cat
11895,cat
11903,cat
11930,cat
11939,cat
11961,cat
11970,cat
11971,cat
11977,cat
11999,cat
12008,cat
12014,cat
12017,cat
12033,cat
12034,cat
12040,cat
12043,cat
12046,cat
12051,cat
12077,cat
12092,cat
12097,cat
12106,cat
12112,cat
12114,cat
12119,cat
12146,cat
12148,cat
12156,cat
12175,cat
12191,cat
12196,cat
12212,cat
12216,cat
12217,cat
12226,cat
12238,cat
12242,cat
12256,cat
12279,cat
12290,cat
12305,cat
12317,cat
12330,cat
12333,cat
12343,cat
12367,cat
12371,cat
12378,cat
12383,cat
12387,cat
12392,cat
12426,cat
12429,cat
12437,cat
12441,cat
12450,cat
12451,cat
12455,cat
12476,cat
12501,cat
12518,cat
12529,cat
12547,cat
12553,cat
12559,cat
12596,cat
12599,cat
12602,cat
12613,cat
12619,cat
12632,cat
12640,cat
12643,cat
12648,cat
12672,cat
12674,cat
12682,cat
12708,cat
12751,cat
12759,cat
12777,cat
12781,cat
12784,cat
12787,cat
12799,cat
12812,cat
12816,cat
12822,cat
12824,cat
12838,cat
12854,cat
12871,cat
12873,cat
12883,cat
12887,cat
12905,cat
12944,cat
12953,cat
12954,cat
12957,cat
12966,cat
12967,cat
12970,cat
12972,cat
12974,cat
12989,cat
13002,cat
13014,cat
13020,cat
13054,cat
13062,cat
13063,cat
13065,cat
13083,cat
13086,cat
13090,cat
13092,cat
13094,cat
13095,cat
13168,cat
13171,cat
13190,cat
13202,cat
13203,cat
13205,cat
13206,cat
13222,cat
13223,cat
13236,cat
13248,cat
13254,cat
13255,cat
13260,cat
13282,cat
13288,cat
13298,cat
13303,cat
13314,cat
13329,cat
13330,cat
13331,cat
13350,cat
13372,cat
13394,cat
13397,cat
13440,cat
13444,cat
13447,cat
13459,cat
13464,cat
13472,cat
13503,cat
13519,cat
13531,cat
13534,cat
13542,cat
13553,cat
13561,cat
13582,cat
13585,cat
13591,cat
13594,cat
13596,cat
13602,cat
13603,cat
13613,cat
13631,cat
13654,cat
13662,cat
13679,cat
13687,cat
13689,cat
13701,cat
13726,cat
13734,cat
13749,cat
13751,cat
13794,cat
13812,cat
13814,cat
13823,cat
13825,cat
13827,cat
13831,cat
13858,cat
13863,cat
13874,cat
13908,cat
13914,cat
13915,cat
13919,cat
13926,cat
13929,cat
13932,cat
13942,cat
13954,cat
13958,cat
13972,cat
13977,cat
13987,cat
13992,cat
14015,cat
14019,cat
14031,cat
14032,cat
14033,cat
14048,cat
14065,cat
14071,cat
14090,cat
14092,cat
14108,cat
14109,cat
14116,cat
14119,cat
14123,cat
14126,cat
14149,cat
14156,cat
14162,cat
14172,cat
14188,cat
14226,cat
14231,cat
14233,cat
14235,cat
14238,cat
14240,cat
14254,cat
14265,cat
14270,cat
14283,cat
14290,cat
14298,cat
14314,cat
14316,cat
14322,cat
14331,cat
14341,cat
14345,cat
14369,cat
14374,cat
14381,cat
14387,cat
14420,cat
14423,cat
14455,cat
14467,cat
14486,cat
14492,cat
14495,cat
14512,cat
14527,cat
14528,cat
14537,cat
14544,cat
14555,cat
14559,cat
14569,cat
14575,cat
14576,cat
14579,cat
14581,cat
14591,cat
14606,cat
14624,cat
14648,cat
14652,cat
14675,cat
14686,cat
14703,cat
14704,cat
14707,cat
14710,cat
14731,cat
14736,cat
14752,cat
14780,cat
14795,cat
14801,cat
14818,cat
14821,cat
14862,cat
14920,cat
14921,cat
14925,cat
14937,cat
14939,cat
14942,cat
14943,cat
14963,cat
14969,cat
14973,cat
14987,cat
14994,cat
15011,cat
15017,cat
15054,cat
15058,cat
15081,cat
15084,cat
15107,cat
15109,cat
15123,cat
15128,cat
15130,cat
15139,cat
15146,cat
15155,cat
15157,cat
15170,cat
15176,cat
15182,cat
15203,cat
15211,cat
15218,cat
15225,cat
15227,cat
15229,cat
15235,cat
15247,cat
15248,cat
15252,cat
15266,cat
15267,cat
15270,cat
15279,cat
15280,cat
15285,cat
15299,cat
15301,cat
15306,cat
15312,cat
15314,cat
15322,cat
15336,cat
15342,cat
15346,cat
15362,cat
15373,cat
15384,cat
15389,cat
15393,cat
15398,cat
15412,cat
15413,cat
15418,cat
15422,cat
15445,cat
15449,cat
15454,cat
15468,cat
15471,cat
15472,cat
15494,cat
15524,cat
15546,cat
15556,cat
15563,cat
15596,cat
15604,cat
15615,cat
15641,cat
15642,cat
15643,cat
15660,cat
15683,cat
15707,cat
15715,cat
15740,cat
15742,cat
15754,cat
15767,cat
15779,cat
15794,cat
15795,cat
15800,cat
15808,cat
15819,cat
15820,cat
15827,cat
15830,cat
15835,cat
15837,cat
15845,cat
15855,cat
15857,cat
15859,cat
15861,cat
15873,cat
15874,cat
15877,cat
15878,cat
15883,cat
15913,cat
15938,cat
15942,cat
15954,cat
15955,cat
15958,cat
15968,cat
15975,cat
15997,cat
16014,cat
16015,cat
16019,cat
16036,cat
16071,cat
16120,cat
16121,cat
16131,cat
16132,cat
16155,cat
16158,cat
16165,cat
16191,cat
16210,cat
16229,cat
16232,cat
16244,cat
16272,cat
16274,cat
16285,cat
16290,cat
16296,cat
16297,cat
16302,cat
16309,cat
16323,cat
16336,cat
16340,cat
16342,cat
16346,cat
16361,cat
16364,cat
16365,cat
16367,cat
16402,cat
16406,cat
16412,cat
16419,cat
16422,cat
16428,cat
16433,cat
16439,cat
16450,cat
16453,cat
16496,cat
16503,cat
16523,cat
16527,cat
16529,cat
16537,cat
16539,cat
16548,cat
16562,cat
16574,cat
16584,cat
16587,cat
16605,cat
16620,cat
16628,cat
16629,cat
16636,cat
16647,cat
16657,cat
16662,cat
16681,cat
16704,cat
16706,cat
16715,cat
16723,cat
16732,cat
16741,cat
16747,cat
16752,cat
16755,cat
16759,cat
16760,cat
16781,cat
16788,cat
16792,cat
16797,cat
16806,cat
16809,cat
16815,cat
16818,cat
16828,cat
16838,cat
16852,cat
16865,cat
16870,cat
16872,cat
16873,cat
16905,cat
16908,cat
16929,cat
16933,cat
16947,cat
16951,cat
16972,cat
16984,cat
16988,cat
17004,cat
17019,cat
17025,cat
17037,cat
17042,cat
17047,cat
17048,cat
17052,cat
17054,cat
17059,cat
17063,cat
17068,cat
17075,cat
17097,cat
17099,cat
17105,cat
17125,cat
17138,cat
17145,cat
17156,cat
17165,cat
17185,cat
17196,cat
17215,cat
17244,cat
17252,cat
17293,cat
17301,cat
17322,cat
17323,cat
17334,cat
17338,cat
17341,cat
17366,cat
17370,cat
17382,cat
17386,cat
17392,cat
17402,cat
17411,cat
17414,cat
17415,cat
17431,cat
17441,cat
17442,cat
17447,cat
17450,cat
17452,cat
17456,cat
17479,cat
17497,cat
17498,cat
17506,cat
17530,cat
17531,cat
17541,cat
17542,cat
17544,cat
17546,cat
17558,cat
17566,cat
17568,cat
17573,cat
17579,cat
17615,cat
17616,cat
17632,cat
17642,cat
17645,cat
17647,cat
17651,cat
17656,cat
17659,cat
17661,cat
17662,cat
17665,cat
17673,cat
17699,cat
17700,cat
17769,cat
17786,cat
17804,cat
17815,cat
17822,cat
17829,cat
17832,cat
17836,cat
17837,cat
17842,cat
17864,cat
17865,cat
17880,cat
17898,cat
17905,cat
17910,cat
17913,cat
17920,cat
17921,cat
17927,cat
17931,cat
17940,cat
17979,cat
18007,cat
18016,cat
18073,cat
18090,cat
18110,cat
18112,cat
18120,cat
18128,cat
18148,cat
18149,cat
18158,cat
18170,cat
18181,cat
18187,cat
18188,cat
18189,cat
18217,cat
18223,cat
18234,cat
18241,cat
18260,cat
18284,cat
18287,cat
18325,cat
18330,cat
18336,cat
18349,cat
18357,cat
18363,cat
18367,cat
18372,cat
18374,cat
18388,cat
18390,cat
18394,cat
18401,cat
18409,cat
18411,cat
18413,cat
18415,cat
18423,cat
18443,cat
18447,cat
18450,cat
18453,cat
18463,cat
18470,cat
18475,cat
18480,cat
18483,cat
18487,cat
18488,cat
18498,cat
18500,cat
18507,cat
18521,cat
18532,cat
18571,cat
18583,cat
18585,cat
18620,cat
18639,cat
18648,cat
18652,cat
18663,cat
18664,cat
18674,cat
18680,cat
18685,cat
18756,cat
18770,cat
18772,cat
18781,cat
18788,cat
18799,cat
18815,cat
18834,cat
18839,cat
18859,cat
18863,cat
18866,cat
18868,cat
18888,cat
18890,cat
18897,cat
18943,cat
18950,cat
18955,cat
18961,cat
18970,cat
18971,cat
18994,cat
18999,cat
19006,cat
19026,cat
19050,cat
19061,cat
19062,cat
19069,cat
19076,cat
19081,cat
19089,cat
19094,cat
19100,cat
19102,cat
19114,cat
19118,cat
19127,cat
19141,cat
19152,cat
19184,cat
19188,cat
19222,cat
19230,cat
19235,cat
19246,cat
19247,cat
19250,cat
19256,cat
19277,cat
19292,cat
19313,cat
19328,cat
19345,cat
19353,cat
19376,cat
19382,cat
19388,cat
19389,cat
19413,cat
19415,cat
19423,cat
19428,cat
19434,cat
19448,cat
19450,cat
19456,cat
19466,cat
19469,cat
19497,cat
19498,cat
19515,cat
19519,cat
19545,cat
19567,cat
19578,cat
19579,cat
19581,cat
19590,cat
19608,cat
19614,cat
19618,cat
19632,cat
19648,cat
19650,cat
19674,cat
19682,cat
19718,cat
19727,cat
19728,cat
19739,cat
19751,cat
19753,cat
19772,cat
19781,cat
19782,cat
19783,cat
19788,cat
19796,cat
19800,cat
19809,cat
19821,cat
19828,cat
19831,cat
19838,cat
19839,cat
19840,cat
19848,cat
19854,cat
19865,cat
19872,cat
19873,cat
19876,cat
19882,cat
19896,cat
19903,cat
19914,cat
19921,cat
19923,cat
19930,cat
19995,cat
20008,cat
20018,cat
20033,cat
20034,cat
20035,cat
20051,cat
20059,cat
20068,cat
20081,cat
20092,cat
20112,cat
20118,cat
20122,cat
20132,cat
20140,cat
20144,cat
20145,cat
20152,cat
20153,cat
20154,cat
20160,cat
20164,cat
20175,cat
20185,cat
20195,cat
20197,cat
20204,cat
20205,cat
20209,cat
20211,cat
20216,cat
20235,cat
20253,cat
20256,cat
20262,cat
20270,cat
20272,cat
20282,cat
20290,cat
20302,cat
20327,cat
20330,cat
20331,cat
20336,cat
20338,cat
20339,cat
20340,cat
20345,cat
20346,cat
20347,cat
20368,cat
20372,cat
20379,cat
20391,cat
20398,cat
20402,cat
20411,cat
20414,cat
20419,cat
20426,cat
20432,cat
20448,cat
20449,cat
20466,cat
20470,cat
20489,cat
20497,cat
20506,cat
20508,cat
20521,cat
20523,cat
20525,cat
20526,cat
20529,cat
20530,cat
20532,cat
20535,cat
20570,cat
20572,cat
20578,cat
20584,cat
20592,cat
20594,cat
20602,cat
20625,cat
20626,cat
20627,cat
20631,cat
20632,cat
20633,cat
20639,cat
20640,cat
20649,cat
20686,cat
20692,cat
20705,cat
20715,cat
20722,cat
20761,cat
20771,cat
20785,cat
20807,cat
20821,cat
20850,cat
20869,cat
20873,cat
20878,cat
20883,cat
20893,cat
20918,cat
20919,cat
20921,cat
20930,cat
20933,cat
20954,cat
20962,cat
20964,cat
20966,cat
20969,cat
21016,cat
21018,cat
21023,cat
21050,cat
21054,cat
21056,cat
21071,cat
21086,cat
21104,cat
21107,cat
21117,cat
21123,cat
21148,cat
21157,cat
21175,cat
21194,cat
21208,cat
21240,cat
21251,cat
21257,cat
21275,cat
21278,cat
21288,cat
21300,cat
21316,cat
21327,cat
21348,cat
21352,cat
21367,cat
21369,cat
21374,cat
21401,cat
21403,cat
21416,cat
21421,cat
21460,cat
21463,cat
21469,cat
21502,cat
21511,cat
21518,cat
21525,cat
21528,cat
21537,cat
21545,cat
21550,cat
21552,cat
21553,cat
21568,cat
21575,cat
21579,cat
21607,cat
21626,cat
21641,cat
21653,cat
21656,cat
21673,cat
21687,cat
21688,cat
21698,cat
21704,cat
21713,cat
21725,cat
21728,cat
21729,cat
21732,cat
21737,cat
21740,cat
21745,cat
21750,cat
21770,cat
21784,cat
21819,cat
21827,cat
21828,cat
21833,cat
21836,cat
21852,cat
21865,cat
21874,cat
21883,cat
21899,cat
21910,cat
21914,cat
21915,cat
21922,cat
21949,cat
21953,cat
21963,cat
21970,cat
21983,cat
21991,cat
21992,cat
22008,cat
22009,cat
22012,cat
22026,cat
22029,cat
22031,cat
22043,cat
22050,cat
22072,cat
22106,cat
22111,cat
22126,cat
22136,cat
22144,cat
22162,cat
22172,cat
22194,cat
22210,cat
22217,cat
22224,cat
22227,cat
22232,cat
22240,cat
22245,cat
22246,cat
22252,cat
22254,cat
22274,cat
22279,cat
22295,cat
22303,cat
22365,cat
22369,cat
22378,cat
22403,cat
22407,cat
22412,cat
22414,cat
22421,cat
22426,cat
22454,cat
22457,cat
22461,cat
22464,cat
22468,cat
22482,cat
22485,cat
22490,cat
22506,cat
22508,cat
22513,cat
22518,cat
22524,cat
22543,cat
22549,cat
22550,cat
22556,cat
22561,cat
22563,cat
22566,cat
22569,cat
22578,cat
22594,cat
22612,cat
22621,cat
22635,cat
22639,cat
22661,cat
22663,cat
22665,cat
22696,cat
22701,cat
22702,cat
22749,cat
22760,cat
22762,cat
22769,cat
22779,cat
22794,cat
22795,cat
22810,cat
22827,cat
22833,cat
22843,cat
22851,cat
22852,cat
22856,cat
22862,cat
22866,cat
22867,cat
22869,cat
22892,cat
22906,cat
22914,cat
22915,cat
22917,cat
22920,cat
22923,cat
22924,cat
22930,cat
22934,cat
22980,cat
22995,cat
23019,cat
23028,cat
23034,cat
23049,cat
23064,cat
23066,cat
23069,cat
23084,cat
23095,cat
23105,cat
23113,cat
23115,cat
23121,cat
23123,cat
23137,cat
23146,cat
23169,cat
23190,cat
23198,cat
23203,cat
23219,cat
23229,cat
23236,cat
23240,cat
23251,cat
23254,cat
23257,cat
23262,cat
23267,cat
23271,cat
23279,cat
23287,cat
23296,cat
23307,cat
23315,cat
23323,cat
23327,cat
23349,cat
23354,cat
23366,cat
23373,cat
23377,cat
23379,cat
23381,cat
23383,cat
23390,cat
23402,cat
23410,cat
23418,cat
23431,cat
23444,cat
23462,cat
23466,cat
23476,cat
23484,cat
23499,cat
23527,cat
23537,cat
23542,cat
23554,cat
23585,cat
23590,cat
23591,cat
23595,cat
23623,cat
23659,cat
23689,cat
23691,cat
23696,cat
23701,cat
23703,cat
23716,cat
23736,cat
23762,cat
23764,cat
23773,cat
23808,cat
23816,cat
23825,cat
23858,cat
23860,cat
23863,cat
23885,cat
23886,cat
23914,cat
23923,cat
23936,cat
23943,cat
23949,cat
23964,cat
23975,cat
23978,cat
23981,cat
23987,cat
23993,cat
23996,cat
23997,cat
23999,cat
24006,cat
24018,cat
24023,cat
24032,cat
24037,cat
24048,cat
24061,cat
24066,cat
24072,cat
24074,cat
24078,cat
24082,cat
24083,cat
24093,cat
24100,cat
24101,cat
24107,cat
24113,cat
24119,cat
24125,cat
24136,cat
24148,cat
24149,cat
24155,cat
24175,cat
24178,cat
24190,cat
24193,cat
24194,cat
24209,cat
24263,cat
24277,cat
24302,cat
24306,cat
24318,cat
24331,cat
24333,cat
24336,cat
24338,cat
24349,cat
24359,cat
24365,cat
24385,cat
24403,cat
24412,cat
24435,cat
24444,cat
24461,cat
24491,cat
24519,cat
24523,cat
24539,cat
24552,cat
24561,cat
24563,cat
24566,cat
24572,cat
24598,cat
24599,cat
24607,cat
24612,cat
24619,cat
24635,cat
24653,cat
24667,cat
24668,cat
24670,cat
24692,cat
24697,cat
24705,cat
24706,cat
24708,cat
24727,cat
24728,cat
24734,cat
24750,cat
24752,cat
24758,cat
24776,cat
24780,cat
24802,cat
24804,cat
24818,cat
24840,cat
24843,cat
24848,cat
24869,cat
24870,cat
24872,cat
24897,cat
24904,cat
24907,cat
24911,cat
24923,cat
24950,cat
24959,cat
24962,cat
24992,cat
25007,cat
25009,cat
25020,cat
25029,cat
25056,cat
25059,cat
25063,cat
25074,cat
25075,cat
25078,cat
25082,cat
25085,cat
25104,cat
25137,cat
25139,cat
25180,cat
25185,cat
25186,cat
25195,cat
25212,cat
25215,cat
25216,cat
25219,cat
25220,cat
25222,cat
25236,cat
25247,cat
25248,cat
25254,cat
25255,cat
25257,cat
25258,cat
25260,cat
25274,cat
25278,cat
25282,cat
25306,cat
25308,cat
25310,cat
25316,cat
25325,cat
25360,cat
25377,cat
25379,cat
25381,cat
25385,cat
25425,cat
25444,cat
25448,cat
25472,cat
25491,cat
25493,cat
25505,cat
25510,cat
25521,cat
25528,cat
25536,cat
25542,cat
25546,cat
25548,cat
25560,cat
25562,cat
25564,cat
25571,cat
25628,cat
25634,cat
25640,cat
25641,cat
25643,cat
25650,cat
25664,cat
25665,cat
25668,cat
25674,cat
25677,cat
25684,cat
25685,cat
25687,cat
25688,cat
25689,cat
25706,cat
25707,cat
25714,cat
25717,cat
25727,cat
25739,cat
25746,cat
25766,cat
25770,cat
25772,cat
25773,cat
25774,cat
25783,cat
25803,cat
25813,cat
25826,cat
25883,cat
25886,cat
25900,cat
25923,cat
25924,cat
25934,cat
25935,cat
25944,cat
25948,cat
25951,cat
25954,cat
25959,cat
25972,cat
25984,cat
25987,cat
25997,cat
25998,cat
26006,cat
26010,cat
26023,cat
26030,cat
26037,cat
26044,cat
26045,cat
26065,cat
26088,cat
26098,cat
26107,cat
26112,cat
26117,cat
26124,cat
26127,cat
26133,cat
26155,cat
26161,cat
26162,cat
26184,cat
26190,cat
26203,cat
26211,cat
26225,cat
26245,cat
26254,cat
26261,cat
26262,cat
26284,cat
26303,cat
26324,cat
26328,cat
26337,cat
26358,cat
26373,cat
26400,cat
26408,cat
26409,cat
26437,cat
26454,cat
26456,cat
26463,cat
26473,cat
26483,cat
26486,cat
26526,cat
26535,cat
26536,cat
26540,cat
26545,cat
26555,cat
26557,cat
26558,cat
26559,cat
26560,cat
26565,cat
26574,cat
26576,cat
26599,cat
26610,cat
26614,cat
26625,cat
26627,cat
26643,cat
26658,cat
26661,cat
26666,cat
26676,cat
26689,cat
26690,cat
26691,cat
26708,cat
26712,cat
26717,cat
26722,cat
26727,cat
26737,cat
26771,cat
26798,cat
26814,cat
26850,cat
26860,cat
26863,cat
26877,cat
26884,cat
26901,cat
26905,cat
26907,cat
26908,cat
26913,cat
26929,cat
26935,cat
26940,cat
26965,cat
26966,cat
26975,cat
27013,cat
27014,cat
27021,cat
27022,cat
27065,cat
27070,cat
27078,cat
27091,cat
27097,cat
27109,cat
27115,cat
27116,cat
27119,cat
27137,cat
27139,cat
27143,cat
27153,cat
27157,cat
27166,cat
27204,cat
27209,cat
27210,cat
27211,cat
27213,cat
27223,cat
27234,cat
27236,cat
27247,cat
27251,cat
27255,cat
27264,cat
27271,cat
27275,cat
27276,cat
27298,cat
27299,cat
27305,cat
27318,cat
27332,cat
27352,cat
27362,cat
27408,cat
27414,cat
27419,cat
27425,cat
27433,cat
27434,cat
27442,cat
27468,cat
27476,cat
27486,cat
27526,cat
27541,cat
27545,cat
27557,cat
27560,cat
27586,cat
27587,cat
27606,cat
27609,cat
27620,cat
27621,cat
27629,cat
27642,cat
27653,cat
27659,cat
27663,cat
27666,cat
27674,cat
27684,cat
27699,cat
27703,cat
27715,cat
27723,cat
27735,cat
27736,cat
27743,cat
27754,cat
27760,cat
27762,cat
27767,cat
27773,cat
27780,cat
27787,cat
27797,cat
27827,cat
27832,cat
27877,cat
27881,cat
27905,cat
27907,cat
27910,cat
27921,cat
27939,cat
27964,cat
27968,cat
27994,cat
28021,cat
28029,cat
28030,cat
28035,cat
28051,cat
28056,cat
28059,cat
28068,cat
28076,cat
28079,cat
28084,cat
28092,cat
28110,cat
28122,cat
28132,cat
28136,cat
28143,cat
28150,cat
28156,cat
28158,cat
28163,cat
28191,cat
28210,cat
28215,cat
28238,cat
28243,cat
28254,cat
28309,cat
28313,cat
28317,cat
28331,cat
28332,cat
28357,cat
28362,cat
28369,cat
28374,cat
28420,cat
28424,cat
28434,cat
28438,cat
28448,cat
28458,cat
28473,cat
28478,cat
28489,cat
28514,cat
28524,cat
28530,cat
28555,cat
28557,cat
28564,cat
28575,cat
28583,cat
28588,cat
28593,cat
28598,cat
28609,cat
28610,cat
28632,cat
28658,cat
28670,cat
28698,cat
28699,cat
28701,cat
28705,cat
28713,cat
28718,cat
28726,cat
28732,cat
28739,cat
28773,cat
28774,cat
28787,cat
28788,cat
28793,cat
28809,cat
28812,cat
28814,cat
28820,cat
28825,cat
28836,cat
28839,cat
28840,cat
28865,cat
28881,cat
28892,cat
28943,cat
28954,cat
28965,cat
28984,cat
28985,cat
28992,cat
28997,cat
29002,cat
29005,cat
29011,cat
29012,cat
29013,cat
29016,cat
29022,cat
29029,cat
29039,cat
29051,cat
29075,cat
29083,cat
29085,cat
29097,cat
29110,cat
29114,cat
29140,cat
29155,cat
29160,cat
29166,cat
29178,cat
29188,cat
29201,cat
29202,cat
29214,cat
29216,cat
29236,cat
29248,cat
29256,cat
29261,cat
29264,cat
29274,cat
29314,cat
29323,cat
29325,cat
29338,cat
29396,cat
29398,cat
29424,cat
29440,cat
29443,cat
29450,cat
29452,cat
29461,cat
29465,cat
29468,cat
29479,cat
29485,cat
29489,cat
29499,cat
29503,cat
29521,cat
29524,cat
29562,cat
29568,cat
29570,cat
29584,cat
29608,cat
29639,cat
29644,cat
29655,cat
29663,cat
29685,cat
29686,cat
29693,cat
29702,cat
29706,cat
29769,cat
29781,cat
29794,cat
29811,cat
29835,cat
29840,cat
29849,cat
29856,cat
29862,cat
29866,cat
29867,cat
29872,cat
29888,cat
29924,cat
29937,cat
29951,cat
29961,cat
29980,cat
29983,cat
29998,cat
30014,cat
30016,cat
30023,cat
30056,cat
30059,cat
30060,cat
30061,cat
30098,cat
30114,cat
30116,cat
30123,cat
30160,cat
30171,cat
30187,cat
30193,cat
30205,cat
30214,cat
30220,cat
30267,cat
30271,cat
30289,cat
30306,cat
30312,cat
30319,cat
30333,cat
30339,cat
30340,cat
30347,cat
30348,cat
30362,cat
30387,cat
30390,cat
30425,cat
30433,cat
30453,cat
30460,cat
30462,cat
30477,cat
30480,cat
30491,cat
30542,cat
30572,cat
30574,cat
30575,cat
30587,cat
30588,cat
30607,cat
30612,cat
30625,cat
30635,cat
30654,cat
30669,cat
30684,cat
30688,cat
30705,cat
30709,cat
30722,cat
30738,cat
30754,cat
30755,cat
30757,cat
30773,cat
30775,cat
30778,cat
30780,cat
30785,cat
30790,cat
30807,cat
30810,cat
30818,cat
30839,cat
30840,cat
30849,cat
30863,cat
30867,cat
30869,cat
30881,cat
30887,cat
30897,cat
30934,cat
30948,cat
30961,cat
30965,cat
30976,cat
30984,cat
30987,cat
30996,cat
31014,cat
31017,cat
31023,cat
31051,cat
31066,cat
31079,cat
31082,cat
31095,cat
31104,cat
31135,cat
31137,cat
31142,cat
31147,cat
31149,cat
31151,cat
31162,cat
31179,cat
31180,cat
31195,cat
31199,cat
31200,cat
31205,cat
31243,cat
31255,cat
31261,cat
31262,cat
31296,cat
31338,cat
31345,cat
31347,cat
31367,cat
31381,cat
31384,cat
31401,cat
31403,cat
31405,cat
31407,cat
31415,cat
31416,cat
31438,cat
31441,cat
31450,cat
31461,cat
31464,cat
31480,cat
31500,cat
31504,cat
31528,cat
31536,cat
31543,cat
31545,cat
31561,cat
31568,cat
31585,cat
31603,cat
31604,cat
31607,cat
31611,cat
31627,cat
31633,cat
31634,cat
31650,cat
31677,cat
31699,cat
31713,cat
31732,cat
31741,cat
31755,cat
31789,cat
31798,cat
31826,cat
31845,cat
31862,cat
31869,cat
31887,cat
31901,cat
31908,cat
31909,cat
31911,cat
31913,cat
31914,cat
31924,cat
31935,cat
31937,cat
31941,cat
31975,cat
31976,cat
31979,cat
32007,cat
32022,cat
32044,cat
32047,cat
32053,cat
32055,cat
32076,cat
32086,cat
32099,cat
32109,cat
32114,cat
32129,cat
32135,cat
32140,cat
32143,cat
32144,cat
32146,cat
32156,cat
32161,cat
32173,cat
32181,cat
32216,cat
32220,cat
32223,cat
32231,cat
32251,cat
32262,cat
32265,cat
32294,cat
32298,cat
32305,cat
32313,cat
32321,cat
32326,cat
32351,cat
32359,cat
32372,cat
32373,cat
32380,cat
32390,cat
32393,cat
32401,cat
32405,cat
32406,cat
32417,cat
32424,cat
32444,cat
32450,cat
32452,cat
32505,cat
32510,cat
32511,cat
32518,cat
32521,cat
32525,cat
32528,cat
32542,cat
32556,cat
32558,cat
32559,cat
32584,cat
32597,cat
32608,cat
32615,cat
32622,cat
32631,cat
32650,cat
32673,cat
32683,cat
32686,cat
32687,cat
32696,cat
32703,cat
32716,cat
32726,cat
32733,cat
32775,cat
32795,cat
32809,cat
32814,cat
32826,cat
32827,cat
32844,cat
32845,cat
32847,cat
32882,cat
32915,cat
32918,cat
32924,cat
32937,cat
32939,cat
32940,cat
32964,cat
32981,cat
32983,cat
32987,cat
32999,cat
33008,cat
33009,cat
33032,cat
33034,cat
33042,cat
33044,cat
33050,cat
33093,cat
33099,cat
33101,cat
33102,cat
33114,cat
33132,cat
33133,cat
33134,cat
33160,cat
33169,cat
33170,cat
33178,cat
33211,cat
33212,cat
33237,cat
33239,cat
33263,cat
33268,cat
33276,cat
33281,cat
33302,cat
33319,cat
33330,cat
33338,cat
33346,cat
33347,cat
33354,cat
33356,cat
33359,cat
33372,cat
33376,cat
33388,cat
33394,cat
33410,cat
33423,cat
33428,cat
33429,cat
33444,cat
33464,cat
33485,cat
33512,cat
33526,cat
33527,cat
33547,cat
33561,cat
33583,cat
33601,cat
33602,cat
33608,cat
33613,cat
33634,cat
33636,cat
33643,cat
33654,cat
33692,cat
33710,cat
33715,cat
33718,cat
33722,cat
33780,cat
33789,cat
33790,cat
33802,cat
33811,cat
33815,cat
33829,cat
33834,cat
33842,cat
33875,cat
33877,cat
33880,cat
33881,cat
33883,cat
33895,cat
33904,cat
33915,cat
33916,cat
33917,cat
33918,cat
33926,cat
33941,cat
33945,cat
33953,cat
33956,cat
33957,cat
33965,cat
33973,cat
33977,cat
33979,cat
33981,cat
34001,cat
34006,cat
34012,cat
34015,cat
34017,cat
34030,cat
34043,cat
34048,cat
34056,cat
34062,cat
34100,cat
34117,cat
34137,cat
34147,cat
34156,cat
34160,cat
34161,cat
34171,cat
34173,cat
34185,cat
34186,cat
34198,cat
34200,cat
34205,cat
34226,cat
34237,cat
34244,cat
34245,cat
34282,cat
34295,cat
34298,cat
34318,cat
34331,cat
34335,cat
34346,cat
34355,cat
34361,cat
34362,cat
34380,cat
34398,cat
34408,cat
34438,cat
34440,cat
34453,cat
34462,cat
34466,cat
34480,cat
34487,cat
34491,cat
34493,cat
34497,cat
34499,cat
34502,cat
34511,cat
34518,cat
34537,cat
34546,cat
34580,cat
34582,cat
34591,cat
34594,cat
34607,cat
34624,cat
34648,cat
34650,cat
34651,cat
34659,cat
34662,cat
34683,cat
34690,cat
34704,cat
34711,cat
34715,cat
34742,cat
34743,cat
34757,cat
34769,cat
34772,cat
34780,cat
34802,cat
34807,cat
34823,cat
34836,cat
34852,cat
34854,cat
34859,cat
34866,cat
34887,cat
34890,cat
34902,cat
34915,cat
34934,cat
34935,cat
34947,cat
34953,cat
34968,cat
34979,cat
34981,cat
34985,cat
34988,cat
34998,cat
35000,cat
35008,cat
35010,cat
35017,cat
35025,cat
35027,cat
35033,cat
35041,cat
35072,cat
35084,cat
35093,cat
35101,cat
35102,cat
35103,cat
35125,cat
35129,cat
35131,cat
35142,cat
35145,cat
35155,cat
35164,cat
35205,cat
35206,cat
35216,cat
35224,cat
35230,cat
35246,cat
35247,cat
35272,cat
35273,cat
35288,cat
35293,cat
35294,cat
35297,cat
35299,cat
35300,cat
35308,cat
35314,cat
35315,cat
35324,cat
35360,cat
35369,cat
35376,cat
35381,cat
35399,cat
35428,cat
35429,cat
35438,cat
35443,cat
35450,cat
35460,cat
35464,cat
35465,cat
35473,cat
35479,cat
35480,cat
35482,cat
35501,cat
35526,cat
35533,cat
35542,cat
35550,cat
35556,cat
35558,cat
35582,cat
35583,cat
35584,cat
35596,cat
35630,cat
35670,cat
35698,cat
35705,cat
35716,cat
35755,cat
35756,cat
35760,cat
35770,cat
35771,cat
35773,cat
35791,cat
35795,cat
35805,cat
35833,cat
35837,cat
35876,cat
35890,cat
35900,cat
35914,cat
35920,cat
35924,cat
35932,cat
35936,cat
35938,cat
35961,cat
35977,cat
35995,cat
35999,cat
36001,cat
36015,cat
36027,cat
36028,cat
36037,cat
36044,cat
36052,cat
36055,cat
36064,cat
36067,cat
36075,cat
36078,cat
36081,cat
36088,cat
36114,cat
36125,cat
36141,cat
36146,cat
36158,cat
36160,cat
36162,cat
36212,cat
36213,cat
36217,cat
36220,cat
36223,cat
36227,cat
36231,cat
36241,cat
36245,cat
36250,cat
36265,cat
36270,cat
36274,cat
36276,cat
36321,cat
36352,cat
36367,cat
36415,cat
36419,cat
36423,cat
36426,cat
36432,cat
36441,cat
36449,cat
36475,cat
36477,cat
36478,cat
36490,cat
36504,cat
36512,cat
36519,cat
36528,cat
36544,cat
36549,cat
36555,cat
36568,cat
36589,cat
36600,cat
36602,cat
36605,cat
36606,cat
36610,cat
36625,cat
36634,cat
36644,cat
36648,cat
36665,cat
36677,cat
36686,cat
36708,cat
36710,cat
36715,cat
36726,cat
36729,cat
36739,cat
36744,cat
36746,cat
36762,cat
36763,cat
36768,cat
36773,cat
36780,cat
36782,cat
36796,cat
36801,cat
36810,cat
36813,cat
36823,cat
36829,cat
36853,cat
36871,cat
36891,cat
36895,cat
36901,cat
36918,cat
36927,cat
36931,cat
36947,cat
36949,cat
36952,cat
36962,cat
36970,cat
36971,cat
36974,cat
36980,cat
36981,cat
36991,cat
37006,cat
37039,cat
37058,cat
37081,cat
37092,cat
37096,cat
37106,cat
37110,cat
37111,cat
37118,cat
37121,cat
37134,cat
37136,cat
37157,cat
37162,cat
37163,cat
37164,cat
37168,cat
37174,cat
37176,cat
37177,cat
37181,cat
37188,cat
37195,cat
37205,cat
37210,cat
37216,cat
37218,cat
37224,cat
37237,cat
37252,cat
37264,cat
37272,cat
37298,cat
37301,cat
37305,cat
37312,cat
37351,cat
37358,cat
37368,cat
37371,cat
37400,cat
37409,cat
37411,cat
37415,cat
37416,cat
37418,cat
37422,cat
37426,cat
37430,cat
37446,cat
37454,cat
37476,cat
37501,cat
37511,cat
37514,cat
37515,cat
37524,cat
37547,cat
37549,cat
37555,cat
37563,cat
37585,cat
37632,cat
37641,cat
37645,cat
37658,cat
37663,cat
37669,cat
37670,cat
37676,cat
37698,cat
37701,cat
37734,cat
37753,cat
37754,cat
37757,cat
37766,cat
37770,cat
37771,cat
37774,cat
37777,cat
37786,cat
37805,cat
37810,cat
37813,cat
37818,cat
37830,cat
37862,cat
37864,cat
37905,cat
37907,cat
37911,cat
37913,cat
37925,cat
37940,cat
37952,cat
37965,cat
37966,cat
37967,cat
37968,cat
37974,cat
37983,cat
37984,cat
37999,cat
38007,cat
38013,cat
38041,cat
38049,cat
38067,cat
38069,cat
38086,cat
38088,cat
38094,cat
38096,cat
38098,cat
38101,cat
38127,cat
38128,cat
38148,cat
38150,cat
38172,cat
38194,cat
38201,cat
38210,cat
38216,cat
38230,cat
38247,cat
38276,cat
38293,cat
38305,cat
38318,cat
38320,cat
38339,cat
38361,cat
38365,cat
38378,cat
38384,cat
38391,cat
38401,cat
38424,cat
38430,cat
38433,cat
38443,cat
38445,cat
38446,cat
38450,cat
38473,cat
38486,cat
38505,cat
38522,cat
38553,cat
38558,cat
38610,cat
38615,cat
38621,cat
38627,cat
38635,cat
38648,cat
38649,cat
38650,cat
38653,cat
38655,cat
38674,cat
38680,cat
38685,cat
38698,cat
38700,cat
38703,cat
38707,cat
38762,cat
38765,cat
38782,cat
38812,cat
38826,cat
38830,cat
38880,cat
38881,cat
38888,cat
38892,cat
38895,cat
38898,cat
38904,cat
38913,cat
38932,cat
38933,cat
38943,cat
38946,cat
38952,cat
38957,cat
38961,cat
38977,cat
38983,cat
38985,cat
38993,cat
38995,cat
39000,cat
39014,cat
39022,cat
39025,cat
39034,cat
39046,cat
39072,cat
39074,cat
39075,cat
39096,cat
39101,cat
39102,cat
39109,cat
39130,cat
39131,cat
39136,cat
39141,cat
39151,cat
39152,cat
39153,cat
39159,cat
39164,cat
39166,cat
39167,cat
39172,cat
39176,cat
39188,cat
39195,cat
39212,cat
39221,cat
39236,cat
39273,cat
39288,cat
39290,cat
39295,cat
39301,cat
39314,cat
39322,cat
39326,cat
39342,cat
39356,cat
39367,cat
39375,cat
39376,cat
39385,cat
39399,cat
39400,cat
39411,cat
39421,cat
39424,cat
39429,cat
39439,cat
39462,cat
39483,cat
39497,cat
39501,cat
39507,cat
39527,cat
39534,cat
39544,cat
39553,cat
39555,cat
39576,cat
39600,cat
39605,cat
39609,cat
39610,cat
39615,cat
39617,cat
39635,cat
39641,cat
39642,cat
39645,cat
39652,cat
39660,cat
39666,cat
39682,cat
39690,cat
39752,cat
39762,cat
39774,cat
39778,cat
39779,cat
39790,cat
39823,cat
39851,cat
39853,cat
39863,cat
39866,cat
39869,cat
39872,cat
39886,cat
39898,cat
39899,cat
39904,cat
39911,cat
39920,cat
39922,cat
39925,cat
39942,cat
39951,cat
39973,cat
39980,cat
39981,cat
39990,cat
40008,cat
40055,cat
40058,cat
40059,cat
40067,cat
40074,cat
40079,cat
40087,cat
40096,cat
40098,cat
40128,cat
40130,cat
40156,cat
40161,cat
40166,cat
40197,cat
28,dog
41,dog
52,dog
57,dog
71,dog
82,dog
84,dog
108,dog
129,dog
149,dog
157,dog
158,dog
168,dog
174,dog
178,dog
183,dog
184,dog
196,dog
199,dog
216,dog
218,dog
240,dog
261,dog
278,dog
286,dog
298,dog
306,dog
325,dog
338,dog
340,dog
360,dog
375,dog
381,dog
425,dog
427,dog
432,dog
451,dog
463,dog
472,dog
492,dog
501,dog
516,dog
535,dog
536,dog
543,dog
570,dog
574,dog
608,dog
625,dog
654,dog
671,dog
676,dog
682,dog
687,dog
698,dog
727,dog
730,dog
733,dog
735,dog
751,dog
752,dog
763,dog
768,dog
785,dog
814,dog
815,dog
818,dog
840,dog
852,dog
853,dog
854,dog
876,dog
895,dog
909,dog
919,dog
920,dog
929,dog
933,dog
945,dog
982,dog
985,dog
989,dog
994,dog
997,dog
1000,dog
1016,dog
1034,dog
1062,dog
1067,dog
1073,dog
1082,dog
1089,dog
1092,dog
1094,dog
1097,dog
1112,dog
1134,dog
1135,dog
1137,dog
1153,dog
1157,dog
1158,dog
1173,dog
1194,dog
1199,dog
1200,dog
1205,dog
1207,dog
1225,dog
1245,dog
1273,dog
1275,dog
1281,dog
1299,dog
1331,dog
1332,dog
1345,dog
1347,dog
1356,dog
1402,dog
1412,dog
1418,dog
1420,dog
1424,dog
1461,dog
1475,dog
1483,dog
1487,dog
1504,dog
1514,dog
1518,dog
1520,dog
1522,dog
1526,dog
1539,dog
1546,dog
1568,dog
1581,dog
1589,dog
1592,dog
1601,dog
1619,dog
1635,dog
1637,dog
1648,dog
1654,dog
1657,dog
1662,dog
1663,dog
1692,dog
1714,dog
1718,dog
1720,dog
1727,dog
1751,dog
1755,dog
1780,dog
1781,dog
1787,dog
1802,dog
1806,dog
1811,dog
1848,dog
1849,dog
1850,dog
1861,dog
1866,dog
1874,dog
1876,dog
1887,dog
1912,dog
1923,dog
1929,dog
1943,dog
1944,dog
1950,dog
1977,dog
1980,dog
1984,dog
1987,dog
1992,dog
1994,dog
1999,dog
2010,dog
2014,dog
2018,dog
2027,dog
2029,dog
2055,dog
2060,dog
2065,dog
2072,dog
2074,dog
2082,dog
2090,dog
2096,dog
2105,dog
2109,dog
2118,dog
2121,dog
2126,dog
2148,dog
2149,dog
2168,dog
2183,dog
2184,dog
2189,dog
2195,dog
2232,dog
2237,dog
2241,dog
2243,dog
2247,dog
2261,dog
2262,dog
2267,dog
2272,dog
2293,dog
2295,dog
2306,dog
2315,dog
2317,dog
2335,dog
2336,dog
2362,dog
2368,dog
2372,dog
2374,dog
2375,dog
2385,dog
2399,dog
2411,dog
2417,dog
2441,dog
2458,dog
2483,dog
2501,dog
2510,dog
2517,dog
2523,dog
2533,dog
2550,dog
2556,dog
2580,dog
2605,dog
2622,dog
2635,dog
2658,dog
2686,dog
2687,dog
2689,dog
2710,dog
2712,dog
2718,dog
2723,dog
2727,dog
2731,dog
2734,dog
2737,dog
2746,dog
2748,dog
2749,dog
2756,dog
2764,dog
2789,dog
2795,dog
2807,dog
2844,dog
2851,dog
2865,dog
2878,dog
2885,dog
2902,dog
2907,dog
2917,dog
2941,dog
2946,dog
2964,dog
2985,dog
3003,dog
3006,dog
3009,dog
3016,dog
3018,dog
3022,dog
3023,dog
3029,dog
3032,dog
3041,dog
3048,dog
3056,dog
3061,dog
3070,dog
3081,dog
3083,dog
3108,dog
3125,dog
3133,dog
3149,dog
3153,dog
3154,dog
3157,dog
3159,dog
3163,dog
3164,dog
3168,dog
3172,dog
3174,dog
3175,dog
3188,dog
3196,dog
3199,dog
3207,dog
3222,dog
3230,dog
3250,dog
3265,dog
3266,dog
3271,dog
3272,dog
3279,dog
3281,dog
3283,dog
3294,dog
3357,dog
3368,dog
3371,dog
3389,dog
3395,dog
3397,dog
3411,dog
3421,dog
3422,dog
3427,dog
3432,dog
3449,dog
3452,dog
3454,dog
3457,dog
3460,dog
3472,dog
3492,dog
3493,dog
3496,dog
3497,dog
3499,dog
3500,dog
3503,dog
3548,dog
3558,dog
3563,dog
3573,dog
3577,dog
3581,dog
3596,dog
3605,dog
3617,dog
3620,dog
3633,dog
3642,dog
3654,dog
3661,dog
3668,dog
3715,dog
3747,dog
3748,dog
3749,dog
3752,dog
3753,dog
3768,dog
3779,dog
3791,dog
3795,dog
3800,dog
3804,dog
3811,dog
3829,dog
3838,dog
3854,dog
3868,dog
3895,dog
3897,dog
3903,dog
3917,dog
3918,dog
3950,dog
3960,dog
3961,dog
3966,dog
3967,dog
3969,dog
3994,dog
3996,dog
4001,dog
4003,dog
4005,dog
4010,dog
4020,dog
4043,dog
4045,dog
4068,dog
4075,dog
4121,dog
4126,dog
4128,dog
4136,dog
4154,dog
4161,dog
4162,dog
4189,dog
4204,dog
4256,dog
4260,dog
4261,dog
4276,dog
4313,dog
4317,dog
4320,dog
4331,dog
4348,dog
4356,dog
4363,dog
4367,dog
4407,dog
4420,dog
4425,dog
4449,dog
4452,dog
4457,dog
4464,dog
4468,dog
4480,dog
4487,dog
4488,dog
4495,dog
4496,dog
4513,dog
4530,dog
4533,dog
4535,dog
4536,dog
4548,dog
4549,dog
4573,dog
4580,dog
4601,dog
4611,dog
4627,dog
4628,dog
4633,dog
4636,dog
4640,dog
4642,dog
4663,dog
4693,dog
4695,dog
4699,dog
4700,dog
4703,dog
4717,dog
4729,dog
4734,dog
4741,dog
4789,dog
4803,dog
4809,dog
4815,dog
4818,dog
4823,dog
4839,dog
4845,dog
4850,dog
4851,dog
4863,dog
4875,dog
4879,dog
4883,dog
4885,dog
4891,dog
4894,dog
4921,dog
4923,dog
4957,dog
4961,dog
4962,dog
4969,dog
4991,dog
4998,dog
5005,dog
5037,dog
5040,dog
5044,dog
5050,dog
5058,dog
5069,dog
5091,dog
5099,dog
5101,dog
5109,dog
5136,dog
5137,dog
5153,dog
5157,dog
5176,dog
5202,dog
5206,dog
5209,dog
5234,dog
5266,dog
5268,dog
5271,dog
5289,dog
5304,dog
5306,dog
5336,dog
5368,dog
5370,dog
5373,dog
5380,dog
5394,dog
5400,dog
5412,dog
5414,dog
5422,dog
5432,dog
5440,dog
5449,dog
5459,dog
5468,dog
5501,dog
5504,dog
5505,dog
5506,dog
5510,dog
5511,dog
5518,dog
5545,dog
5548,dog
5556,dog
5562,dog
5566,dog
5594,dog
5607,dog
5614,dog
5627,dog
5646,dog
5647,dog
5652,dog
5656,dog
5671,dog
5682,dog
5691,dog
5696,dog
5699,dog
5701,dog
5730,dog
5735,dog
5737,dog
5750,dog
5752,dog
5756,dog
5761,dog
5781,dog
5809,dog
5831,dog
5833,dog
5838,dog
5841,dog
5850,dog
5851,dog
5854,dog
5873,dog
5887,dog
5900,dog
5906,dog
5921,dog
5961,dog
5962,dog
5963,dog
5966,dog
5971,dog
5982,dog
5994,dog
6002,dog
6018,dog
6025,dog
6030,dog
6034,dog
6038,dog
6043,dog
6048,dog
6049,dog
6054,dog
6059,dog
6066,dog
6083,dog
6089,dog
6092,dog
6093,dog
6095,dog
6101,dog
6103,dog
6105,dog
6106,dog
6132,dog
6141,dog
6155,dog
6156,dog
6185,dog
6203,dog
6216,dog
6221,dog
6223,dog
6233,dog
6249,dog
6254,dog
6260,dog
6280,dog
6334,dog
6339,dog
6341,dog
6346,dog
6353,dog
6356,dog
6359,dog
6378,dog
6420,dog
6425,dog
6437,dog
6444,dog
6445,dog
6456,dog
6477,dog
6484,dog
6520,dog
6531,dog
6534,dog
6562,dog
6576,dog
6578,dog
6581,dog
6605,dog
6616,dog
6623,dog
6643,dog
6676,dog
6690,dog
6695,dog
6698,dog
6699,dog
6708,dog
6724,dog
6731,dog
6761,dog
6772,dog
6779,dog
6782,dog
6795,dog
6798,dog
6808,dog
6816,dog
6854,dog
6867,dog
6874,dog
6875,dog
6879,dog
6958,dog
6959,dog
6966,dog
6979,dog
6983,dog
7001,dog
7018,dog
7022,dog
7032,dog
7033,dog
7058,dog
7073,dog
7083,dog
7091,dog
7095,dog
7104,dog
7106,dog
7114,dog
7116,dog
7118,dog
7140,dog
7141,dog
7151,dog
7158,dog
7159,dog
7161,dog
7163,dog
7165,dog
7182,dog
7190,dog
7193,dog
7196,dog
7209,dog
7228,dog
7230,dog
7237,dog
7242,dog
7247,dog
7261,dog
7267,dog
7271,dog
7281,dog
7294,dog
7306,dog
7320,dog
7346,dog
7352,dog
7355,dog
7365,dog
7399,dog
7407,dog
7418,dog
7426,dog
7430,dog
7436,dog
7447,dog
7455,dog
7473,dog
7477,dog
7511,dog
7516,dog
7519,dog
7546,dog
7561,dog
7563,dog
7579,dog
7591,dog
7602,dog
7621,dog
7678,dog
7680,dog
7686,dog
7698,dog
7700,dog
7725,dog
7727,dog
7730,dog
7743,dog
7751,dog
7756,dog
7770,dog
7774,dog
7777,dog
7780,dog
7781,dog
7786,dog
7816,dog
7847,dog
7865,dog
7871,dog
7874,dog
7902,dog
7909,dog
7922,dog
7927,dog
7936,dog
7939,dog
7979,dog
7982,dog
8021,dog
8040,dog
8041,dog
8051,dog
8052,dog
8135,dog
8141,dog
8155,dog
8157,dog
8168,dog
8189,dog
8197,dog
8199,dog
8205,dog
8206,dog
8224,dog
8231,dog
8240,dog
8241,dog
8244,dog
8253,dog
8262,dog
8266,dog
8270,dog
8275,dog
8277,dog
8283,dog
8288,dog
8292,dog
8321,dog
8326,dog
8327,dog
8329,dog
8335,dog
8354,dog
8374,dog
8399,dog
8401,dog
8408,dog
8413,dog
8453,dog
8458,dog
8464,dog
8465,dog
8495,dog
8497,dog
8498,dog
8501,dog
8503,dog
8512,dog
8580,dog
8585,dog
8587,dog
8591,dog
8592,dog
8602,dog
8622,dog
8663,dog
8672,dog
8675,dog
8676,dog
8684,dog
8685,dog
8692,dog
8731,dog
8732,dog
8743,dog
8748,dog
8756,dog
8757,dog
8769,dog
8794,dog
8796,dog
8800,dog
8806,dog
8825,dog
8837,dog
8848,dog
8852,dog
8867,dog
8879,dog
8895,dog
8903,dog
8918,dog
8924,dog
8929,dog
8930,dog
8936,dog
8949,dog
8955,dog
8961,dog
8965,dog
8986,dog
8990,dog
8994,dog
9031,dog
9036,dog
9100,dog
9105,dog
9133,dog
9135,dog
9168,dog
9175,dog
9179,dog
9191,dog
9197,dog
9206,dog
9213,dog
9236,dog
9265,dog
9275,dog
9281,dog
9285,dog
9287,dog
9289,dog
9296,dog
9302,dog
9317,dog
9338,dog
9356,dog
9378,dog
9384,dog
9389,dog
9392,dog
9398,dog
9434,dog
9445,dog
9446,dog
9451,dog
9459,dog
9461,dog
9471,dog
9492,dog
9532,dog
9538,dog
9548,dog
9564,dog
9587,dog
9595,dog
9606,dog
9608,dog
9623,dog
9635,dog
9642,dog
9643,dog
9650,dog
9666,dog
9678,dog
9689,dog
9699,dog
9704,dog
9708,dog
9730,dog
9747,dog
9749,dog
9771,dog
9773,dog
9794,dog
9805,dog
9812,dog
9816,dog
9833,dog
9836,dog
9868,dog
9872,dog
9876,dog
9880,dog
9900,dog
9930,dog
9949,dog
9988,dog
10000,dog
10015,dog
10034,dog
10061,dog
10073,dog
10083,dog
10092,dog
10105,dog
10120,dog
10176,dog
10182,dog
10195,dog
10202,dog
10207,dog
10222,dog
10224,dog
10231,dog
10243,dog
10259,dog
10271,dog
10295,dog
10316,dog
10319,dog
10320,dog
10325,dog
10367,dog
10383,dog
10398,dog
10408,dog
10411,dog
10414,dog
10424,dog
10425,dog
10430,dog
10433,dog
10472,dog
10483,dog
10485,dog
10504,dog
10510,dog
10515,dog
10516,dog
10522,dog
10542,dog
10543,dog
10550,dog
10556,dog
10557,dog
10567,dog
10587,dog
10598,dog
10600,dog
10604,dog
10633,dog
10658,dog
10669,dog
10670,dog
10671,dog
10692,dog
10693,dog
10697,dog
10704,dog
10710,dog
10711,dog
10716,dog
10725,dog
10727,dog
10738,dog
10740,dog
10741,dog
10745,dog
10759,dog
10760,dog
10761,dog
10769,dog
10781,dog
10801,dog
10804,dog
10821,dog
10832,dog
10836,dog
10845,dog
10863,dog
10864,dog
10879,dog
10881,dog
10898,dog
10908,dog
10915,dog
10922,dog
10925,dog
10946,dog
10972,dog
10979,dog
10996,dog
11005,dog
11017,dog
11025,dog
11033,dog
11035,dog
11044,dog
11062,dog
11063,dog
11072,dog
11073,dog
11078,dog
11084,dog
11095,dog
11098,dog
11113,dog
11122,dog
11143,dog
11144,dog
11146,dog
11154,dog
11156,dog
11161,dog
11165,dog
11166,dog
11167,dog
11175,dog
11186,dog
11187,dog
11190,dog
11202,dog
11218,dog
11246,dog
11248,dog
11260,dog
11263,dog
11268,dog
11270,dog
11275,dog
11286,dog
11299,dog
11315,dog
11318,dog
11323,dog
11329,dog
11331,dog
11342,dog
11348,dog
11352,dog
11366,dog
11376,dog
11377,dog
11397,dog
11406,dog
11438,dog
11442,dog
11443,dog
11451,dog
11463,dog
11464,dog
11466,dog
11492,dog
11494,dog
11495,dog
11496,dog
11497,dog
11508,dog
11514,dog
11520,dog
11524,dog
11526,dog
11531,dog
11537,dog
11552,dog
11561,dog
11576,dog
11601,dog
11604,dog
11611,dog
11623,dog
11625,dog
11637,dog
11638,dog
11663,dog
11695,dog
11702,dog
11713,dog
11723,dog
11724,dog
11726,dog
11736,dog
11738,dog
11741,dog
11754,dog
11771,dog
11791,dog
11796,dog
11819,dog
11820,dog
11827,dog
11848,dog
11853,dog
11854,dog
11855,dog
11862,dog
11881,dog
11894,dog
11900,dog
11906,dog
11923,dog
11925,dog
11929,dog
11934,dog
11948,dog
11950,dog
11954,dog
11981,dog
11989,dog
11996,dog
12006,dog
12013,dog
12016,dog
12052,dog
12054,dog
12069,dog
12070,dog
12083,dog
12089,dog
12090,dog
12099,dog
12120,dog
12136,dog
12145,dog
12178,dog
12185,dog
12199,dog
12203,dog
12206,dog
12224,dog
12236,dog
12240,dog
12243,dog
12247,dog
12257,dog
12275,dog
12282,dog
12291,dog
12301,dog
12311,dog
12323,dog
12327,dog
12331,dog
12342,dog
12350,dog
12353,dog
12358,dog
12372,dog
12391,dog
12432,dog
12469,dog
12481,dog
12486,dog
12489,dog
12497,dog
12515,dog
12516,dog
12519,dog
12533,dog
12546,dog
12557,dog
12560,dog
12565,dog
12568,dog
12570,dog
12572,dog
12574,dog
12579,dog
12582,dog
12594,dog
12622,dog
12631,dog
12650,dog
12653,dog
12656,dog
12662,dog
12683,dog
12687,dog
12688,dog
12697,dog
12702,dog
12717,dog
12727,dog
12729,dog
12735,dog
12769,dog
12770,dog
12792,dog
12826,dog
12830,dog
12833,dog
12834,dog
12840,dog
12852,dog
12885,dog
12891,dog
12909,dog
12913,dog
12914,dog
12932,dog
12938,dog
12948,dog
12963,dog
12975,dog
12988,dog
13046,dog
13049,dog
13051,dog
13058,dog
13068,dog
13074,dog
13088,dog
13098,dog
13101,dog
13104,dog
13105,dog
13112,dog
13113,dog
13122,dog
13143,dog
13151,dog
13152,dog
13160,dog
13162,dog
13174,dog
13188,dog
13191,dog
13204,dog
13237,dog
13246,dog
13247,dog
13250,dog
13252,dog
13253,dog
13257,dog
13258,dog
13284,dog
13286,dog
13289,dog
13317,dog
13346,dog
13353,dog
13357,dog
13360,dog
13361,dog
13362,dog
13376,dog
13388,dog
13393,dog
13406,dog
13412,dog
13457,dog
13462,dog
13500,dog
13518,dog
13528,dog
13529,dog
13533,dog
13549,dog
13552,dog
13580,dog
13593,dog
13599,dog
13605,dog
13611,dog
13619,dog
13625,dog
13645,dog
13652,dog
13659,dog
13674,dog
13677,dog
13680,dog
13681,dog
13686,dog
13690,dog
13722,dog
13759,dog
13766,dog
13774,dog
13782,dog
13793,dog
13806,dog
13830,dog
13841,dog
13843,dog
13866,dog
13873,dog
13886,dog
13912,dog
13927,dog
13931,dog
13949,dog
13961,dog
13981,dog
13984,dog
13991,dog
13999,dog
14002,dog
14005,dog
14016,dog
14027,dog
14034,dog
14035,dog
14077,dog
14094,dog
14104,dog
14120,dog
14122,dog
14141,dog
14160,dog
14161,dog
14185,dog
14186,dog
14222,dog
14224,dog
14228,dog
14247,dog
14260,dog
14274,dog
14277,dog
14299,dog
14321,dog
14323,dog
14332,dog
14338,dog
14347,dog
14356,dog
14367,dog
14392,dog
14406,dog
14409,dog
14433,dog
14438,dog
14454,dog
14466,dog
14478,dog
14496,dog
14505,dog
14523,dog
14531,dog
14534,dog
14571,dog
14580,dog
14628,dog
14633,dog
14651,dog
14658,dog
14664,dog
14670,dog
14674,dog
14678,dog
14682,dog
14683,dog
14692,dog
14697,dog
14701,dog
14708,dog
14725,dog
14735,dog
14749,dog
14751,dog
14760,dog
14761,dog
14763,dog
14764,dog
14792,dog
14793,dog
14798,dog
14803,dog
14842,dog
14851,dog
14876,dog
14882,dog
14897,dog
14909,dog
14930,dog
14932,dog
14933,dog
14953,dog
14961,dog
14962,dog
14964,dog
14966,dog
14976,dog
14988,dog
14993,dog
15007,dog
15018,dog
15020,dog
15030,dog
15033,dog
15075,dog
15090,dog
15104,dog
15131,dog
15134,dog
15167,dog
15178,dog
15187,dog
15208,dog
15214,dog
15220,dog
15230,dog
15234,dog
15243,dog
15258,dog
15294,dog
15302,dog
15313,dog
15320,dog
15321,dog
15337,dog
15341,dog
15348,dog
15355,dog
15363,dog
15366,dog
15371,dog
15372,dog
15379,dog
15394,dog
15404,dog
15409,dog
15432,dog
15433,dog
15450,dog
15451,dog
15476,dog
15477,dog
15486,dog
15489,dog
15500,dog
15511,dog
15528,dog
15545,dog
15550,dog
15557,dog
15576,dog
15592,dog
15603,dog
15607,dog
15654,dog
15673,dog
15686,dog
15687,dog
15702,dog
15709,dog
15710,dog
15714,dog
15725,dog
15729,dog
15734,dog
15737,dog
15748,dog
15762,dog
15765,dog
15775,dog
15776,dog
15787,dog
15799,dog
15809,dog
15816,dog
15846,dog
15850,dog
15862,dog
15863,dog
15895,dog
15899,dog
15909,dog
15916,dog
15940,dog
15944,dog
15953,dog
15969,dog
15974,dog
15981,dog
15986,dog
15988,dog
15990,dog
16010,dog
16044,dog
16048,dog
16080,dog
16082,dog
16099,dog
16111,dog
16135,dog
16151,dog
16167,dog
16169,dog
16186,dog
16189,dog
16200,dog
16205,dog
16211,dog
16213,dog
16237,dog
16248,dog
16270,dog
16271,dog
16278,dog
16281,dog
16283,dog
16292,dog
16312,dog
16322,dog
16352,dog
16359,dog
16362,dog
16375,dog
16378,dog
16404,dog
16409,dog
16420,dog
16432,dog
16437,dog
16445,dog
16454,dog
16460,dog
16470,dog
16471,dog
16495,dog
16497,dog
16511,dog
16525,dog
16535,dog
16541,dog
16545,dog
16557,dog
16561,dog
16567,dog
16579,dog
16581,dog
16611,dog
16624,dog
16627,dog
16644,dog
16654,dog
16659,dog
16699,dog
16702,dog
16742,dog
16749,dog
16768,dog
16772,dog
16782,dog
16796,dog
16798,dog
16799,dog
16800,dog
16813,dog
16824,dog
16836,dog
16853,dog
16860,dog
16874,dog
16887,dog
16897,dog
16900,dog
16932,dog
16934,dog
16935,dog
16936,dog
16950,dog
16956,dog
16958,dog
16970,dog
16977,dog
16980,dog
17007,dog
17010,dog
17028,dog
17056,dog
17066,dog
17080,dog
17095,dog
17103,dog
17122,dog
17142,dog
17149,dog
17153,dog
17166,dog
17176,dog
17187,dog
17190,dog
17191,dog
17237,dog
17260,dog
17266,dog
17279,dog
17294,dog
17298,dog
17306,dog
17307,dog
17316,dog
17333,dog
17344,dog
17347,dog
17355,dog
17359,dog
17369,dog
17376,dog
17377,dog
17389,dog
17393,dog
17400,dog
17401,dog
17426,dog
17432,dog
17446,dog
17494,dog
17496,dog
17502,dog
17509,dog
17519,dog
17528,dog
17529,dog
17548,dog
17592,dog
17596,dog
17600,dog
17612,dog
17613,dog
17620,dog
17639,dog
17643,dog
17646,dog
17657,dog
17660,dog
17666,dog
17671,dog
17709,dog
17711,dog
17712,dog
17722,dog
17734,dog
17741,dog
17757,dog
17774,dog
17779,dog
17781,dog
17795,dog
17796,dog
17798,dog
17810,dog
17812,dog
17826,dog
17831,dog
17834,dog
17856,dog
17869,dog
17872,dog
17881,dog
17883,dog
17890,dog
17899,dog
17917,dog
17922,dog
17932,dog
17935,dog
17972,dog
18002,dog
18004,dog
18005,dog
18017,dog
18039,dog
18060,dog
18062,dog
18065,dog
18075,dog
18078,dog
18083,dog
18084,dog
18088,dog
18097,dog
18122,dog
18129,dog
18132,dog
18138,dog
18151,dog
18152,dog
18157,dog
18168,dog
18171,dog
18175,dog
18177,dog
18190,dog
18195,dog
18200,dog
18203,dog
18213,dog
18230,dog
18231,dog
18238,dog
18244,dog
18246,dog
18263,dog
18268,dog
18278,dog
18279,dog
18281,dog
18282,dog
18289,dog
18295,dog
18318,dog
18319,dog
18320,dog
18347,dog
18348,dog
18400,dog
18417,dog
18428,dog
18441,dog
18442,dog
18460,dog
18464,dog
18471,dog
18473,dog
18476,dog
18479,dog
18512,dog
18517,dog
18522,dog
18542,dog
18553,dog
18564,dog
18569,dog
18570,dog
18575,dog
18576,dog
18577,dog
18582,dog
18588,dog
18599,dog
18601,dog
18609,dog
18614,dog
18627,dog
18630,dog
18633,dog
18635,dog
18644,dog
18686,dog
18688,dog
18709,dog
18715,dog
18722,dog
18730,dog
18732,dog
18733,dog
18744,dog
18749,dog
18759,dog
18763,dog
18765,dog
18771,dog
18773,dog
18774,dog
18800,dog
18816,dog
18831,dog
18846,dog
18853,dog
18857,dog
18874,dog
18884,dog
18895,dog
18914,dog
18916,dog
18920,dog
18922,dog
18929,dog
18935,dog
18940,dog
18946,dog
18947,dog
18959,dog
18963,dog
18967,dog
18972,dog
18982,dog
18984,dog
18986,dog
18987,dog
19004,dog
19008,dog
19013,dog
19022,dog
19023,dog
19024,dog
19025,dog
19030,dog
19043,dog
19072,dog
19084,dog
19097,dog
19106,dog
19151,dog
19155,dog
19157,dog
19161,dog
19170,dog
19177,dog
19178,dog
19183,dog
19192,dog
19202,dog
19210,dog
19212,dog
19223,dog
19241,dog
19253,dog
19272,dog
19275,dog
19294,dog
19317,dog
19320,dog
19321,dog
19335,dog
19336,dog
19339,dog
19351,dog
19363,dog
19369,dog
19398,dog
19402,dog
19405,dog
19424,dog
19435,dog
19438,dog
19460,dog
19477,dog
19484,dog
19488,dog
19492,dog
19507,dog
19516,dog
19525,dog
19538,dog
19541,dog
19562,dog
19584,dog
19596,dog
19597,dog
19603,dog
19607,dog
19611,dog
19613,dog
19624,dog
19625,dog
19636,dog
19653,dog
19664,dog
19684,dog
19691,dog
19694,dog
19699,dog
19709,dog
19724,dog
19736,dog
19755,dog
19757,dog
19758,dog
19787,dog
19801,dog
19810,dog
19820,dog
19826,dog
19836,dog
19857,dog
19862,dog
19864,dog
19890,dog
19893,dog
19897,dog
19901,dog
19909,dog
19926,dog
19934,dog
19939,dog
19959,dog
19966,dog
19973,dog
19994,dog
20000,dog
20002,dog
20021,dog
20032,dog
20038,dog
20044,dog
20054,dog
20060,dog
20067,dog
20076,dog
20077,dog
20084,dog
20085,dog
20088,dog
20091,dog
20093,dog
20102,dog
20123,dog
20127,dog
20141,dog
20157,dog
20165,dog
20172,dog
20179,dog
20186,dog
20201,dog
20202,dog
20208,dog
20278,dog
20280,dog
20293,dog
20316,dog
20321,dog
20323,dog
20349,dog
20362,dog
20366,dog
20383,dog
20388,dog
20395,dog
20415,dog
20416,dog
20417,dog
20422,dog
20423,dog
20446,dog
20452,dog
20461,dog
20478,dog
20479,dog
20484,dog
20485,dog
20494,dog
20496,dog
20513,dog
20543,dog
20563,dog
20604,dog
20616,dog
20628,dog
20645,dog
20648,dog
20670,dog
20673,dog
20685,dog
20689,dog
20693,dog
20716,dog
20733,dog
20734,dog
20748,dog
20769,dog
20777,dog
20795,dog
20802,dog
20808,dog
20810,dog
20837,dog
20838,dog
20861,dog
20862,dog
20900,dog
20906,dog
20923,dog
20939,dog
20940,dog
20941,dog
20953,dog
20983,dog
20992,dog
21007,dog
21010,dog
21012,dog
21030,dog
21036,dog
21047,dog
21060,dog
21062,dog
21063,dog
21076,dog
21078,dog
21090,dog
21125,dog
21127,dog
21128,dog
21129,dog
21131,dog
21149,dog
21180,dog
21187,dog
21191,dog
21199,dog
21215,dog
21221,dog
21234,dog
21236,dog
21259,dog
21262,dog
21266,dog
21267,dog
21272,dog
21279,dog
21280,dog
21287,dog
21319,dog
21321,dog
21326,dog
21353,dog
21357,dog
21371,dog
21380,dog
21422,dog
21429,dog
21437,dog
21450,dog
21451,dog
21466,dog
21495,dog
21503,dog
21535,dog
21544,dog
21549,dog
21555,dog
21557,dog
21562,dog
21570,dog
21587,dog
21596,dog
21599,dog
21611,dog
21617,dog
21670,dog
21671,dog
21678,dog
21679,dog
21683,dog
21690,dog
21706,dog
21708,dog
21710,dog
21727,dog
21735,dog
21738,dog
21741,dog
21768,dog
21777,dog
21781,dog
21793,dog
21798,dog
21805,dog
21810,dog
21811,dog
21835,dog
21840,dog
21856,dog
21859,dog
21880,dog
21890,dog
21911,dog
21912,dog
21916,dog
21917,dog
21921,dog
21929,dog
21945,dog
21958,dog
21962,dog
21978,dog
21987,dog
21997,dog
22004,dog
22022,dog
22048,dog
22060,dog
22062,dog
22074,dog
22080,dog
22084,dog
22087,dog
22100,dog
22104,dog
22120,dog
22132,dog
22159,dog
22175,dog
22185,dog
22189,dog
22225,dog
22226,dog
22230,dog
22233,dog
22236,dog
22290,dog
22302,dog
22306,dog
22322,dog
22337,dog
22339,dog
22343,dog
22356,dog
22358,dog
22388,dog
22391,dog
22393,dog
22408,dog
22413,dog
22417,dog
22424,dog
22425,dog
22428,dog
22431,dog
22435,dog
22437,dog
22446,dog
22470,dog
22471,dog
22474,dog
22479,dog
22484,dog
22488,dog
22494,dog
22548,dog
22559,dog
22591,dog
22614,dog
22631,dog
22633,dog
22651,dog
22658,dog
22667,dog
22672,dog
22680,dog
22682,dog
22708,dog
22716,dog
22723,dog
22732,dog
22738,dog
22743,dog
22758,dog
22767,dog
22772,dog
22776,dog
22780,dog
22815,dog
22820,dog
22831,dog
22835,dog
22841,dog
22849,dog
22854,dog
22871,dog
22877,dog
22880,dog
22891,dog
22894,dog
22896,dog
22909,dog
22912,dog
22913,dog
22933,dog
22938,dog
22942,dog
22962,dog
22979,dog
23000,dog
23008,dog
23040,dog
23043,dog
23045,dog
23047,dog
23056,dog
23060,dog
23068,dog
23091,dog
23093,dog
23094,dog
23120,dog
23122,dog
23147,dog
23151,dog
23163,dog
23174,dog
23175,dog
23177,dog
23185,dog
23186,dog
23207,dog
23208,dog
23228,dog
23234,dog
23235,dog
23239,dog
23250,dog
23269,dog
23274,dog
23286,dog
23317,dog
23319,dog
23336,dog
23350,dog
23361,dog
23370,dog
23386,dog
23393,dog
23405,dog
23433,dog
23438,dog
23449,dog
23458,dog
23460,dog
23483,dog
23489,dog
23495,dog
23504,dog
23511,dog
23516,dog
23519,dog
23524,dog
23545,dog
23555,dog
23557,dog
23558,dog
23588,dog
23615,dog
23620,dog
23624,dog
23640,dog
23642,dog
23662,dog
23664,dog
23666,dog
23669,dog
23690,dog
23695,dog
23713,dog
23722,dog
23725,dog
23734,dog
23742,dog
23757,dog
23770,dog
23775,dog
23778,dog
23783,dog
23801,dog
23802,dog
23803,dog
23804,dog
23811,dog
23832,dog
23850,dog
23875,dog
23899,dog
23903,dog
23907,dog
23915,dog
23917,dog
23942,dog
23948,dog
23950,dog
23968,dog
23972,dog
23977,dog
23982,dog
24007,dog
24016,dog
24024,dog
24029,dog
24038,dog
24057,dog
24099,dog
24106,dog
24121,dog
24127,dog
24129,dog
24131,dog
24154,dog
24161,dog
24191,dog
24197,dog
24210,dog
24227,dog
24239,dog
24244,dog
24245,dog
24275,dog
24284,dog
24288,dog
24296,dog
24303,dog
24304,dog
24310,dog
24315,dog
24324,dog
24327,dog
24340,dog
24341,dog
24345,dog
24353,dog
24354,dog
24358,dog
24364,dog
24379,dog
24381,dog
24416,dog
24434,dog
24441,dog
24443,dog
24453,dog
24460,dog
24474,dog
24483,dog
24488,dog
24490,dog
24496,dog
24504,dog
24507,dog
24517,dog
24533,dog
24547,dog
24554,dog
24559,dog
24576,dog
24586,dog
24629,dog
24638,dog
24649,dog
24651,dog
24652,dog
24657,dog
24663,dog
24664,dog
24688,dog
24703,dog
24704,dog
24712,dog
24715,dog
24742,dog
24745,dog
24755,dog
24764,dog
24797,dog
24814,dog
24820,dog
24823,dog
24827,dog
24832,dog
24833,dog
24839,dog
24841,dog
24868,dog
24876,dog
24878,dog
24891,dog
24900,dog
24910,dog
24915,dog
24938,dog
24948,dog
24952,dog
24953,dog
24954,dog
24960,dog
24970,dog
24982,dog
24999,dog
25013,dog
25016,dog
25027,dog
25054,dog
25057,dog
25058,dog
25066,dog
25076,dog
25088,dog
25128,dog
25142,dog
25158,dog
25171,dog
25172,dog
25181,dog
25194,dog
25203,dog
25205,dog
25206,dog
25231,dog
25234,dog
25241,dog
25249,dog
25250,dog
25253,dog
25261,dog
25263,dog
25266,dog
25273,dog
25285,dog
25288,dog
25312,dog
25334,dog
25354,dog
25357,dog
25373,dog
25391,dog
25395,dog
25409,dog
25419,dog
25426,dog
25433,dog
25446,dog
25453,dog
25466,dog
25506,dog
25516,dog
25518,dog
25523,dog
25551,dog
25553,dog
25556,dog
25584,dog
25589,dog
25590,dog
25598,dog
25604,dog
25607,dog
25608,dog
25611,dog
25635,dog
25656,dog
25657,dog
25659,dog
25662,dog
25663,dog
25671,dog
25678,dog
25694,dog
25699,dog
25700,dog
25703,dog
25708,dog
25721,dog
25723,dog
25728,dog
25731,dog
25733,dog
25734,dog
25736,dog
25741,dog
25752,dog
25775,dog
25776,dog
25778,dog
25806,dog
25822,dog
25825,dog
25827,dog
25841,dog
25846,dog
25850,dog
25855,dog
25859,dog
25865,dog
25871,dog
25876,dog
25887,dog
25895,dog
25904,dog
25919,dog
25920,dog
25926,dog
25981,dog
25982,dog
26011,dog
26015,dog
26025,dog
26029,dog
26031,dog
26034,dog
26053,dog
26072,dog
26073,dog
26074,dog
26080,dog
26096,dog
26103,dog
26126,dog
26135,dog
26139,dog
26144,dog
26154,dog
26168,dog
26172,dog
26174,dog
26175,dog
26180,dog
26186,dog
26195,dog
26222,dog
26237,dog
26238,dog
26252,dog
26256,dog
26278,dog
26279,dog
26281,dog
26282,dog
26304,dog
26314,dog
26326,dog
26331,dog
26350,dog
26355,dog
26364,dog
26366,dog
26371,dog
26378,dog
26383,dog
26389,dog
26411,dog
26419,dog
26444,dog
26474,dog
26480,dog
26487,dog
26502,dog
26504,dog
26505,dog
26521,dog
26530,dog
26544,dog
26546,dog
26549,dog
26561,dog
26582,dog
26588,dog
26590,dog
26592,dog
26641,dog
26677,dog
26680,dog
26681,dog
26683,dog
26687,dog
26701,dog
26706,dog
26729,dog
26732,dog
26736,dog
26739,dog
26740,dog
26748,dog
26752,dog
26754,dog
26756,dog
26776,dog
26786,dog
26792,dog
26800,dog
26805,dog
26809,dog
26828,dog
26837,dog
26846,dog
26858,dog
26868,dog
26872,dog
26875,dog
26885,dog
26890,dog
26897,dog
26910,dog
26915,dog
26918,dog
26921,dog
26934,dog
26950,dog
26955,dog
26959,dog
26963,dog
26970,dog
26972,dog
26988,dog
26997,dog
26999,dog
27017,dog
27033,dog
27054,dog
27066,dog
27067,dog
27093,dog
27094,dog
27095,dog
27108,dog
27110,dog
27126,dog
27141,dog
27142,dog
27151,dog
27159,dog
27160,dog
27189,dog
27208,dog
27220,dog
27224,dog
27225,dog
27226,dog
27258,dog
27266,dog
27270,dog
27280,dog
27284,dog
27290,dog
27291,dog
27293,dog
27301,dog
27306,dog
27317,dog
27346,dog
27348,dog
27349,dog
27350,dog
27356,dog
27360,dog
27378,dog
27384,dog
27388,dog
27393,dog
27398,dog
27402,dog
27409,dog
27423,dog
27444,dog
27446,dog
27457,dog
27460,dog
27463,dog
27464,dog
27473,dog
27496,dog
27515,dog
27521,dog
27529,dog
27531,dog
27591,dog
27599,dog
27634,dog
27654,dog
27665,dog
27667,dog
27672,dog
27678,dog
27680,dog
27690,dog
27691,dog
27692,dog
27702,dog
27712,dog
27714,dog
27721,dog
27733,dog
27771,dog
27772,dog
27777,dog
27798,dog
27805,dog
27806,dog
27807,dog
27820,dog
27829,dog
27834,dog
27836,dog
27839,dog
27845,dog
27860,dog
27870,dog
27880,dog
27886,dog
27891,dog
27893,dog
27894,dog
27904,dog
27913,dog
27919,dog
27923,dog
27926,dog
27942,dog
27944,dog
27946,dog
27948,dog
27951,dog
27957,dog
27969,dog
27975,dog
27978,dog
27992,dog
28000,dog
28008,dog
28023,dog
28048,dog
28063,dog
28070,dog
28071,dog
28080,dog
28091,dog
28094,dog
28095,dog
28100,dog
28131,dog
28145,dog
28148,dog
28173,dog
28218,dog
28219,dog
28222,dog
28242,dog
28248,dog
28252,dog
28264,dog
28283,dog
28284,dog
28287,dog
28295,dog
28300,dog
28307,dog
28322,dog
28337,dog
28340,dog
28341,dog
28342,dog
28343,dog
28351,dog
28387,dog
28390,dog
28405,dog
28410,dog
28412,dog
28426,dog
28428,dog
28431,dog
28439,dog
28440,dog
28441,dog
28443,dog
28461,dog
28472,dog
28476,dog
28485,dog
28506,dog
28509,dog
28511,dog
28517,dog
28520,dog
28532,dog
28537,dog
28551,dog
28576,dog
28596,dog
28603,dog
28613,dog
28617,dog
28630,dog
28633,dog
28634,dog
28653,dog
28660,dog
28661,dog
28662,dog
28678,dog
28680,dog
28692,dog
28694,dog
28719,dog
28721,dog
28724,dog
28727,dog
28731,dog
28737,dog
28741,dog
28742,dog
28747,dog
28755,dog
28757,dog
28758,dog
28759,dog
28778,dog
28780,dog
28826,dog
28832,dog
28844,dog
28846,dog
28852,dog
28853,dog
28855,dog
28858,dog
28871,dog
28878,dog
28890,dog
28901,dog
28903,dog
28910,dog
28947,dog
28948,dog
28953,dog
28962,dog
28968,dog
28974,dog
28977,dog
28983,dog
28996,dog
28998,dog
29000,dog
29007,dog
29021,dog
29023,dog
29032,dog
29033,dog
29038,dog
29041,dog
29062,dog
29078,dog
29111,dog
29128,dog
29133,dog
29145,dog
29146,dog
29205,dog
29243,dog
29252,dog
29257,dog
29267,dog
29269,dog
29272,dog
29277,dog
29303,dog
29305,dog
29322,dog
29343,dog
29359,dog
29374,dog
29383,dog
29387,dog
29391,dog
29393,dog
29394,dog
29399,dog
29403,dog
29412,dog
29423,dog
29426,dog
29433,dog
29451,dog
29453,dog
29455,dog
29460,dog
29464,dog
29475,dog
29483,dog
29492,dog
29509,dog
29510,dog
29522,dog
29550,dog
29555,dog
29559,dog
29563,dog
29567,dog
29576,dog
29578,dog
29580,dog
29604,dog
29609,dog
29616,dog
29625,dog
29631,dog
29632,dog
29650,dog
29661,dog
29684,dog
29713,dog
29714,dog
29756,dog
29758,dog
29759,dog
29761,dog
29770,dog
29775,dog
29776,dog
29786,dog
29796,dog
29797,dog
29805,dog
29817,dog
29818,dog
29819,dog
29833,dog
29837,dog
29843,dog
29858,dog
29859,dog
29884,dog
29891,dog
29897,dog
29922,dog
29946,dog
29947,dog
29956,dog
29962,dog
29970,dog
29971,dog
29997,dog
30011,dog
30017,dog
30018,dog
30029,dog
30043,dog
30047,dog
30055,dog
30064,dog
30073,dog
30086,dog
30091,dog
30096,dog
30099,dog
30100,dog
30106,dog
30108,dog
30113,dog
30125,dog
30127,dog
30130,dog
30134,dog
30135,dog
30138,dog
30141,dog
30156,dog
30163,dog
30189,dog
30190,dog
30197,dog
30202,dog
30208,dog
30232,dog
30236,dog
30249,dog
30261,dog
30276,dog
30280,dog
30284,dog
30291,dog
30302,dog
30309,dog
30311,dog
30338,dog
30343,dog
30350,dog
30357,dog
30360,dog
30371,dog
30373,dog
30376,dog
30382,dog
30388,dog
30394,dog
30396,dog
30442,dog
30457,dog
30474,dog
30478,dog
30483,dog
30501,dog
30503,dog
30507,dog
30520,dog
30524,dog
30541,dog
30544,dog
30555,dog
30568,dog
30580,dog
30591,dog
30619,dog
30623,dog
30630,dog
30643,dog
30658,dog
30663,dog
30685,dog
30690,dog
30699,dog
30702,dog
30704,dog
30712,dog
30714,dog
30719,dog
30724,dog
30733,dog
30736,dog
30743,dog
30758,dog
30764,dog
30767,dog
30794,dog
30820,dog
30832,dog
30848,dog
30868,dog
30872,dog
30890,dog
30928,dog
30932,dog
30953,dog
30966,dog
30979,dog
30990,dog
30995,dog
31018,dog
31022,dog
31029,dog
31032,dog
31039,dog
31044,dog
31045,dog
31048,dog
31056,dog
31060,dog
31063,dog
31065,dog
31092,dog
31110,dog
31112,dog
31117,dog
31121,dog
31130,dog
31133,dog
31138,dog
31146,dog
31150,dog
31156,dog
31181,dog
31186,dog
31191,dog
31201,dog
31219,dog
31222,dog
31223,dog
31226,dog
31227,dog
31235,dog
31241,dog
31244,dog
31249,dog
31256,dog
31265,dog
31274,dog
31293,dog
31303,dog
31304,dog
31310,dog
31331,dog
31348,dog
31356,dog
31377,dog
31410,dog
31440,dog
31443,dog
31475,dog
31486,dog
31495,dog
31517,dog
31526,dog
31544,dog
31549,dog
31552,dog
31556,dog
31558,dog
31560,dog
31562,dog
31569,dog
31575,dog
31579,dog
31583,dog
31593,dog
31612,dog
31621,dog
31632,dog
31642,dog
31647,dog
31648,dog
31651,dog
31668,dog
31674,dog
31689,dog
31697,dog
31709,dog
31711,dog
31717,dog
31730,dog
31782,dog
31783,dog
31792,dog
31794,dog
31802,dog
31818,dog
31834,dog
31837,dog
31857,dog
31865,dog
31868,dog
31876,dog
31878,dog
31884,dog
31893,dog
31902,dog
31923,dog
31950,dog
31961,dog
31974,dog
31978,dog
31995,dog
31996,dog
32002,dog
32013,dog
32016,dog
32032,dog
32045,dog
32049,dog
32056,dog
32080,dog
32094,dog
32119,dog
32123,dog
32125,dog
32138,dog
32185,dog
32196,dog
32197,dog
32200,dog
32217,dog
32228,dog
32232,dog
32239,dog
32256,dog
32273,dog
32278,dog
32325,dog
32334,dog
32337,dog
32343,dog
32353,dog
32365,dog
32387,dog
32394,dog
32426,dog
32428,dog
32432,dog
32453,dog
32469,dog
32482,dog
32512,dog
32517,dog
32530,dog
32531,dog
32549,dog
32555,dog
32557,dog
32560,dog
32567,dog
32577,dog
32599,dog
32626,dog
32637,dog
32642,dog
32657,dog
32659,dog
32668,dog
32678,dog
32720,dog
32748,dog
32752,dog
32754,dog
32759,dog
32765,dog
32770,dog
32771,dog
32774,dog
32781,dog
32783,dog
32786,dog
32789,dog
32796,dog
32797,dog
32799,dog
32802,dog
32805,dog
32806,dog
32818,dog
32822,dog
32825,dog
32834,dog
32836,dog
32846,dog
32850,dog
32863,dog
32864,dog
32865,dog
32878,dog
32890,dog
32892,dog
32896,dog
32901,dog
32907,dog
32911,dog
32913,dog
32920,dog
32925,dog
32927,dog
32936,dog
32943,dog
32945,dog
32947,dog
32951,dog
32958,dog
32977,dog
32979,dog
33000,dog
33002,dog
33007,dog
33018,dog
33036,dog
33040,dog
33057,dog
33065,dog
33068,dog
33080,dog
33117,dog
33126,dog
33137,dog
33139,dog
33143,dog
33155,dog
33162,dog
33164,dog
33167,dog
33173,dog
33194,dog
33200,dog
33247,dog
33260,dog
33270,dog
33284,dog
33290,dog
33295,dog
33296,dog
33298,dog
33305,dog
33307,dog
33312,dog
33314,dog
33320,dog
33321,dog
33332,dog
33334,dog
33339,dog
33355,dog
33395,dog
33424,dog
33425,dog
33430,dog
33431,dog
33436,dog
33455,dog
33456,dog
33465,dog
33468,dog
33477,dog
33478,dog
33495,dog
33505,dog
33535,dog
33553,dog
33556,dog
33568,dog
33577,dog
33579,dog
33580,dog
33607,dog
33610,dog
33623,dog
33629,dog
33630,dog
33632,dog
33635,dog
33646,dog
33683,dog
33703,dog
33707,dog
33708,dog
33711,dog
33721,dog
33724,dog
33738,dog
33748,dog
33758,dog
33766,dog
33769,dog
33796,dog
33801,dog
33819,dog
33821,dog
33836,dog
33838,dog
33854,dog
33874,dog
33876,dog
33879,dog
33890,dog
33892,dog
33913,dog
33919,dog
33928,dog
33932,dog
33958,dog
33963,dog
33966,dog
33987,dog
33990,dog
33998,dog
34004,dog
34008,dog
34009,dog
34028,dog
34049,dog
34055,dog
34058,dog
34060,dog
34075,dog
34085,dog
34096,dog
34106,dog
34112,dog
34113,dog
34118,dog
34123,dog
34133,dog
34134,dog
34181,dog
34184,dog
34187,dog
34189,dog
34193,dog
34208,dog
34217,dog
34221,dog
34222,dog
34238,dog
34253,dog
34300,dog
34303,dog
34304,dog
34313,dog
34324,dog
34354,dog
34375,dog
34383,dog
34384,dog
34390,dog
34392,dog
34404,dog
34412,dog
34425,dog
34437,dog
34445,dog
34452,dog
34459,dog
34473,dog
34477,dog
34479,dog
34495,dog
34513,dog
34517,dog
34525,dog
34532,dog
34535,dog
34542,dog
34552,dog
34566,dog
34627,dog
34635,dog
34636,dog
34660,dog
34661,dog
34688,dog
34703,dog
34705,dog
34729,dog
34733,dog
34737,dog
34739,dog
34740,dog
34756,dog
34758,dog
34764,dog
34791,dog
34798,dog
34804,dog
34813,dog
34819,dog
34834,dog
34838,dog
34839,dog
34840,dog
34842,dog
34847,dog
34855,dog
34860,dog
34878,dog
34880,dog
34881,dog
34885,dog
34888,dog
34889,dog
34892,dog
34925,dog
34932,dog
34936,dog
34942,dog
34946,dog
34955,dog
34973,dog
34989,dog
35001,dog
35016,dog
35030,dog
35035,dog
35045,dog
35050,dog
35053,dog
35054,dog
35056,dog
35062,dog
35113,dog
35126,dog
35153,dog
35156,dog
35166,dog
35167,dog
35190,dog
35191,dog
35194,dog
35195,dog
35201,dog
35228,dog
35233,dog
35235,dog
35238,dog
35248,dog
35255,dog
35266,dog
35274,dog
35290,dog
35329,dog
35335,dog
35387,dog
35390,dog
35391,dog
35395,dog
35410,dog
35411,dog
35425,dog
35439,dog
35446,dog
35453,dog
35470,dog
35472,dog
35488,dog
35496,dog
35498,dog
35502,dog
35508,dog
35511,dog
35514,dog
35535,dog
35544,dog
35548,dog
35553,dog
35581,dog
35591,dog
35603,dog
35605,dog
35607,dog
35610,dog
35628,dog
35640,dog
35641,dog
35653,dog
35661,dog
35681,dog
35685,dog
35696,dog
35713,dog
35736,dog
35749,dog
35752,dog
35753,dog
35763,dog
35776,dog
35787,dog
35802,dog
35803,dog
35820,dog
35822,dog
35823,dog
35843,dog
35868,dog
35880,dog
35893,dog
35899,dog
35903,dog
35906,dog
35907,dog
35919,dog
35933,dog
35942,dog
35945,dog
35950,dog
35965,dog
35990,dog
35994,dog
36003,dog
36017,dog
36023,dog
36031,dog
36036,dog
36042,dog
36049,dog
36057,dog
36058,dog
36074,dog
36076,dog
36083,dog
36094,dog
36104,dog
36105,dog
36121,dog
36122,dog
36124,dog
36127,dog
36128,dog
36133,dog
36140,dog
36151,dog
36167,dog
36172,dog
36192,dog
36197,dog
36203,dog
36207,dog
36208,dog
36218,dog
36225,dog
36228,dog
36234,dog
36236,dog
36247,dog
36260,dog
36302,dog
36309,dog
36333,dog
36336,dog
36348,dog
36351,dog
36355,dog
36363,dog
36379,dog
36388,dog
36393,dog
36412,dog
36417,dog
36422,dog
36436,dog
36440,dog
36454,dog
36455,dog
36472,dog
36488,dog
36529,dog
36533,dog
36541,dog
36557,dog
36588,dog
36604,dog
36618,dog
36630,dog
36654,dog
36661,dog
36670,dog
36674,dog
36693,dog
36758,dog
36770,dog
36783,dog
36797,dog
36811,dog
36815,dog
36831,dog
36841,dog
36852,dog
36855,dog
36858,dog
36870,dog
36872,dog
36900,dog
36913,dog
36945,dog
36953,dog
36955,dog
36957,dog
36959,dog
36963,dog
36965,dog
36989,dog
36998,dog
37004,dog
37007,dog
37012,dog
37047,dog
37057,dog
37060,dog
37086,dog
37087,dog
37097,dog
37100,dog
37102,dog
37109,dog
37115,dog
37126,dog
37152,dog
37153,dog
37170,dog
37175,dog
37185,dog
37197,dog
37211,dog
37217,dog
37219,dog
37225,dog
37230,dog
37253,dog
37273,dog
37283,dog
37292,dog
37311,dog
37313,dog
37317,dog
37318,dog
37332,dog
37339,dog
37342,dog
37360,dog
37361,dog
37365,dog
37367,dog
37370,dog
37376,dog
37382,dog
37392,dog
37396,dog
37397,dog
37403,dog
37420,dog
37435,dog
37437,dog
37442,dog
37452,dog
37463,dog
37471,dog
37472,dog
37485,dog
37487,dog
37499,dog
37502,dog
37509,dog
37522,dog
37528,dog
37532,dog
37538,dog
37542,dog
37560,dog
37569,dog
37590,dog
37599,dog
37611,dog
37613,dog
37622,dog
37623,dog
37624,dog
37633,dog
37677,dog
37681,dog
37686,dog
37707,dog
37709,dog
37721,dog
37733,dog
37737,dog
37741,dog
37747,dog
37750,dog
37751,dog
37769,dog
37785,dog
37791,dog
37796,dog
37814,dog
37816,dog
37835,dog
37853,dog
37861,dog
37869,dog
37875,dog
37877,dog
37881,dog
37886,dog
37895,dog
37900,dog
37901,dog
37912,dog
37915,dog
37916,dog
37922,dog
37937,dog
37947,dog
37959,dog
37987,dog
38005,dog
38014,dog
38022,dog
38060,dog
38075,dog
38080,dog
38100,dog
38107,dog
38109,dog
38115,dog
38119,dog
38141,dog
38145,dog
38161,dog
38166,dog
38173,dog
38200,dog
38203,dog
38211,dog
38241,dog
38242,dog
38246,dog
38254,dog
38259,dog
38273,dog
38296,dog
38303,dog
38304,dog
38306,dog
38307,dog
38314,dog
38344,dog
38347,dog
38360,dog
38362,dog
38367,dog
38370,dog
38374,dog
38386,dog
38393,dog
38404,dog
38412,dog
38418,dog
38425,dog
38428,dog
38438,dog
38448,dog
38472,dog
38490,dog
38499,dog
38504,dog
38508,dog
38514,dog
38530,dog
38556,dog
38565,dog
38571,dog
38583,dog
38601,dog
38625,dog
38628,dog
38630,dog
38633,dog
38637,dog
38658,dog
38673,dog
38681,dog
38693,dog
38696,dog
38697,dog
38710,dog
38718,dog
38740,dog
38759,dog
38776,dog
38785,dog
38789,dog
38791,dog
38793,dog
38808,dog
38820,dog
38840,dog
38841,dog
38847,dog
38852,dog
38855,dog
38860,dog
38861,dog
38875,dog
38883,dog
38887,dog
38889,dog
38897,dog
38925,dog
38945,dog
38955,dog
38967,dog
38976,dog
38989,dog
38991,dog
38998,dog
39003,dog
39005,dog
39019,dog
39030,dog
39043,dog
39067,dog
39071,dog
39091,dog
39093,dog
39104,dog
39117,dog
39124,dog
39125,dog
39132,dog
39148,dog
39158,dog
39161,dog
39168,dog
39177,dog
39215,dog
39217,dog
39226,dog
39229,dog
39230,dog
39283,dog
39286,dog
39317,dog
39319,dog
39333,dog
39347,dog
39348,dog
39382,dog
39395,dog
39404,dog
39412,dog
39415,dog
39442,dog
39446,dog
39447,dog
39457,dog
39459,dog
39464,dog
39476,dog
39480,dog
39488,dog
39498,dog
39526,dog
39539,dog
39540,dog
39552,dog
39559,dog
39570,dog
39588,dog
39592,dog
39603,dog
39604,dog
39625,dog
39643,dog
39646,dog
39648,dog
39650,dog
39661,dog
39663,dog
39664,dog
39670,dog
39678,dog
39683,dog
39695,dog
39696,dog
39707,dog
39713,dog
39715,dog
39719,dog
39723,dog
39731,dog
39734,dog
39743,dog
39749,dog
39758,dog
39780,dog
39784,dog
39789,dog
39791,dog
39818,dog
39846,dog
39847,dog
39852,dog
39870,dog
39881,dog
39894,dog
39921,dog
39924,dog
39930,dog
39968,dog
39974,dog
39976,dog
40003,dog
40005,dog
40015,dog
40045,dog
40052,dog
40054,dog
40070,dog
40092,dog
40106,dog
40115,dog
40141,dog
40152,dog
40155,dog
40162,dog
40181,dog
40206,dog
40215,dog
40225,dog
40240,dog
40248,dog
40270,dog
40273,dog
40311,dog
40332,dog
40352,dog
